{
  "process_models": {
    "DensityHC": {
      "r2_score": 0.407060975886542,
      "rmse": 24.382145923460204,
      "feature_importance": {
        "Ore": 0.1400684267282486,
        "WaterMill": 0.37214407324790955,
        "WaterZumpf": 0.4877874255180359
      },
      "model_type": "process_model",
      "input_vars": [
        "Ore",
        "WaterMill",
        "WaterZumpf"
      ],
      "output_var": "DensityHC"
    },
    "PulpHC": {
      "r2_score": 0.676362207136978,
      "rmse": 14.938113158035321,
      "feature_importance": {
        "Ore": 0.24059833586215973,
        "WaterMill": 0.25699636340141296,
        "WaterZumpf": 0.5024053454399109
      },
      "model_type": "process_model",
      "input_vars": [
        "Ore",
        "WaterMill",
        "WaterZumpf"
      ],
      "output_var": "PulpHC"
    },
    "PressureHC": {
      "r2_score": 0.7988699471107937,
      "rmse": 0.01695972070662686,
      "feature_importance": {
        "Ore": 0.16400361061096191,
        "WaterMill": 0.18475425243377686,
        "WaterZumpf": 0.6512421369552612
      },
      "model_type": "process_model",
      "input_vars": [
        "Ore",
        "WaterMill",
        "WaterZumpf"
      ],
      "output_var": "PressureHC"
    },
    "CirculativeLoad": {
      "r2_score": 0.4016470157138916,
      "rmse": 0.1863600487609849,
      "feature_importance": {
        "Ore": 0.2856804132461548,
        "WaterMill": 0.25197821855545044,
        "WaterZumpf": 0.46234145760536194
      },
      "model_type": "process_model",
      "input_vars": [
        "Ore",
        "WaterMill",
        "WaterZumpf"
      ],
      "output_var": "CirculativeLoad"
    }
  },
  "quality_model": {
    "r2_score": 0.6553253782942403,
    "rmse": 1.2465472938409592,
    "feature_importance": {
      "DensityHC": 0.2966444492340088,
      "PulpHC": 0.1097431555390358,
      "PressureHC": 0.11490792781114578,
      "CirculativeLoad": 0.11481553316116333,
      "Class_15": 0.07030601799488068,
      "Daiki": 0.1332472711801529,
      "FE": 0.16033565998077393
    },
    "model_type": "quality_model",
    "input_vars": [
      "DensityHC",
      "PulpHC",
      "PressureHC",
      "CirculativeLoad",
      "Class_15",
      "Daiki",
      "FE"
    ],
    "output_var": "PSI200",
    "cv_vars": [
      "DensityHC",
      "PulpHC",
      "PressureHC",
      "CirculativeLoad"
    ],
    "dv_vars": [
      "Class_15",
      "Daiki",
      "FE"
    ]
  },
  "chain_validation": {
    "r2_score": 0.34280486564641854,
    "rmse": 1.581837510752474,
    "mae": 1.2247015144939934,
    "n_samples": 200,
    "n_requested": 200,
    "predictions": [
      24.13942527770996,
      21.680517196655273,
      21.368778228759766,
      21.211944580078125,
      23.89009666442871,
      21.5642032623291,
      22.236766815185547,
      24.13949203491211,
      22.01744270324707,
      24.271404266357422,
      23.985837936401367,
      22.04068946838379,
      22.74094009399414,
      21.336029052734375,
      22.557003021240234,
      21.72460174560547,
      23.895822525024414,
      21.990291595458984,
      21.72460174560547,
      23.2080020904541,
      22.51752471923828,
      22.748741149902344,
      21.637855529785156,
      21.932601928710938,
      22.024677276611328,
      22.03670310974121,
      22.07942008972168,
      22.736860275268555,
      21.81930160522461,
      20.760272979736328,
      22.03080177307129,
      23.075374603271484,
      21.933940887451172,
      22.047494888305664,
      24.63091278076172,
      22.148935317993164,
      21.723894119262695,
      24.200944900512695,
      21.940092086791992,
      21.76358985900879,
      22.786779403686523,
      21.982221603393555,
      22.74094009399414,
      22.024677276611328,
      23.639738082885742,
      21.817657470703125,
      24.383563995361328,
      21.505563735961914,
      22.249757766723633,
      24.40171241760254,
      23.895822525024414,
      22.32485580444336,
      20.87558937072754,
      24.722644805908203,
      22.049488067626953,
      22.042556762695312,
      23.056854248046875,
      22.241125106811523,
      24.63091278076172,
      23.984786987304688,
      21.79119110107422,
      21.430099487304688,
      22.333839416503906,
      24.605573654174805,
      21.5063533782959,
      22.217599868774414,
      24.3700008392334,
      21.961833953857422,
      21.308086395263672,
      23.056854248046875,
      22.328489303588867,
      22.193044662475586,
      21.211944580078125,
      23.639738082885742,
      24.383563995361328,
      24.29973793029785,
      20.760272979736328,
      21.595497131347656,
      22.338218688964844,
      20.972627639770508,
      22.320640563964844,
      21.987388610839844,
      22.241125106811523,
      23.639738082885742,
      22.079877853393555,
      21.274925231933594,
      23.895822525024414,
      21.987388610839844,
      20.87558937072754,
      23.013355255126953,
      21.211944580078125,
      22.11731719970703,
      21.44857406616211,
      24.316940307617188,
      22.016204833984375,
      21.933307647705078,
      21.522464752197266,
      23.00225257873535,
      22.740737915039062,
      24.271404266357422,
      24.403568267822266,
      22.169605255126953,
      23.026243209838867,
      22.62204360961914,
      23.00225257873535,
      22.249446868896484,
      23.07242774963379,
      22.231231689453125,
      21.879878997802734,
      22.320640563964844,
      22.03080177307129,
      21.79119110107422,
      21.284751892089844,
      24.865692138671875,
      20.87558937072754,
      22.57749366760254,
      22.109394073486328,
      22.304277420043945,
      20.787399291992188,
      24.516036987304688,
      21.241296768188477,
      21.972110748291016,
      23.14088249206543,
      24.375566482543945,
      21.982221603393555,
      21.211944580078125,
      20.803239822387695,
      22.199478149414062,
      22.42450714111328,
      21.932601928710938,
      22.32535171508789,
      22.74094009399414,
      21.912630081176758,
      23.50493049621582,
      21.209638595581055,
      23.0188045501709,
      21.987388610839844,
      22.453493118286133,
      23.840435028076172,
      21.612443923950195,
      22.634315490722656,
      22.333839416503906,
      21.211944580078125,
      22.333839416503906,
      22.08928871154785,
      21.76358985900879,
      22.742431640625,
      23.895822525024414,
      22.08004379272461,
      21.990291595458984,
      21.717988967895508,
      23.03765869140625,
      22.249446868896484,
      24.40171241760254,
      23.879732131958008,
      21.77256202697754,
      21.72460174560547,
      23.009639739990234,
      22.320640563964844,
      22.218551635742188,
      23.17928123474121,
      22.742431640625,
      24.40171241760254,
      22.51752471923828,
      22.148935317993164,
      22.237634658813477,
      24.36366844177246,
      22.258203506469727,
      22.005151748657227,
      20.760272979736328,
      21.559249877929688,
      22.1318302154541,
      22.62204360961914,
      23.705821990966797,
      22.148935317993164,
      22.129785537719727,
      21.211944580078125,
      20.803239822387695,
      22.22051429748535,
      22.1318302154541,
      22.11016082763672,
      21.200176239013672,
      23.03169059753418,
      21.665470123291016,
      24.865692138671875,
      21.72460174560547,
      22.1661319732666,
      22.409679412841797,
      20.73439598083496,
      22.742431640625,
      22.730789184570312,
      21.972110748291016,
      21.72460174560547,
      21.347946166992188,
      21.982593536376953,
      22.249757766723633,
      21.033863067626953,
      22.32585906982422,
      20.760272979736328,
      22.344017028808594
    ],