2025-11-06 11:58:28,770 - core.data_loader - WARNING - Database module not available, will use cache only
2025-11-06 11:58:28,771 - pipeline - INFO - 
================================================================================
2025-11-06 11:58:28,771 - pipeline - INFO - STARTING DATA PREPARATION PIPELINE v2.0
2025-11-06 11:58:28,771 - pipeline - INFO - ================================================================================
2025-11-06 11:58:28,772 - pipeline - INFO - ======================================================================
DATA PREPARATION PIPELINE CONFIGURATION
======================================================================

Mill Number: 8
Date Range: 2025-09-01 to 2025-11-03

Features:
  MV: ['Ore', 'WaterMill', 'WaterZumpf']
  CV: ['DensityHC', 'PulpHC', 'PressureHC', 'CirculativeLoad']
  DV: ['Class_15', 'Daiki', 'FE', 'MotorAmp']
  Target: PSI200

Patterns (4 enabled):
  • mv (mv)
    Window: 60, Max: 20, Radius: 4.5
  • density (constraint)
    Window: 60, Max: 15, Radius: 4.5
    Stable: ['WaterZumpf']
    Varying: ['Ore', 'WaterMill']
  • inverse (constraint)
    Window: 60, Max: 10, Radius: 4.5
    Stable: ['Ore', 'WaterMill']
    Varying: ['WaterZumpf']
  • dynamic (constraint)
    Window: 60, Max: 10, Radius: 4.5
    Varying: ['Ore', 'WaterMill', 'WaterZumpf']

Output Paths:
  Output: C:\Projects\experiments\data_preparation\output
  Analysis: C:\Projects\experiments\data_preparation\output\analysis
  Plots: C:\Projects\experiments\data_preparation\output\plots
======================================================================
2025-11-06 11:58:28,772 - pipeline - INFO - 
--------------------------------------------------------------------------------
2025-11-06 11:58:28,772 - pipeline - INFO - STEP 1: LOADING AND PREPARING DATA
2025-11-06 11:58:28,772 - pipeline - INFO - --------------------------------------------------------------------------------
2025-11-06 11:58:28,772 - core.data_loader - INFO - Loading data for Mill 8
2025-11-06 11:58:28,772 - core.data_loader - INFO -   Date range: 2025-09-01 to 2025-11-03
2025-11-06 11:58:28,772 - core.data_loader - INFO -   Resample: 1min
2025-11-06 11:58:28,774 - pipeline - ERROR - Pipeline failed: Cache file not found: C:\Projects\experiments\data_preparation\output\initial_data.csv
Database is not available. Please provide cached data.
Traceback (most recent call last):
  File "c:\Projects\experiments\data_preparation\pipeline.py", line 64, in run
    self.load_data()
  File "c:\Projects\experiments\data_preparation\pipeline.py", line 102, in load_data
    self.df = self.data_loader.load_mill_data(
              ^^^^^^^^^^^^^^^^^^^^^^^^^^^^^^^^
  File "c:\Projects\experiments\data_preparation\core\data_loader.py", line 102, in load_mill_data
    raise FileNotFoundError(
FileNotFoundError: Cache file not found: C:\Projects\experiments\data_preparation\output\initial_data.csv
Database is not available. Please provide cached data.
2025-11-06 11:58:28,774 - __main__ - ERROR - 
✗ Pipeline failed: Cache file not found: C:\Projects\experiments\data_preparation\output\initial_data.csv
Database is not available. Please provide cached data.
Traceback (most recent call last):
  File "c:\Projects\experiments\data_preparation\run.py", line 67, in main
    pipeline.run()
  File "c:\Projects\experiments\data_preparation\pipeline.py", line 64, in run
    self.load_data()
  File "c:\Projects\experiments\data_preparation\pipeline.py", line 102, in load_data
    self.df = self.data_loader.load_mill_data(
              ^^^^^^^^^^^^^^^^^^^^^^^^^^^^^^^^
  File "c:\Projects\experiments\data_preparation\core\data_loader.py", line 102, in load_mill_data
    raise FileNotFoundError(
FileNotFoundError: Cache file not found: C:\Projects\experiments\data_preparation\output\initial_data.csv
Database is not available. Please provide cached data.
2025-11-06 11:59:50,118 - core.data_loader - WARNING - Database module not available, will use cache only
2025-11-06 11:59:50,120 - pipeline - INFO - 
================================================================================
2025-11-06 11:59:50,121 - pipeline - INFO - STARTING DATA PREPARATION PIPELINE v2.0
2025-11-06 11:59:50,121 - pipeline - INFO - ================================================================================
2025-11-06 11:59:50,121 - pipeline - INFO - ======================================================================
DATA PREPARATION PIPELINE CONFIGURATION
======================================================================

Mill Number: 8
Date Range: 2025-09-01 to 2025-11-03

Features:
  MV: ['Ore', 'WaterMill', 'WaterZumpf']
  CV: ['DensityHC', 'PulpHC', 'PressureHC', 'CirculativeLoad']
  DV: ['Class_15', 'Daiki', 'FE', 'MotorAmp']
  Target: PSI200

Patterns (4 enabled):
  • mv (mv)
    Window: 60, Max: 20, Radius: 4.5
  • density (constraint)
    Window: 60, Max: 15, Radius: 4.5
    Stable: ['WaterZumpf']
    Varying: ['Ore', 'WaterMill']
  • inverse (constraint)
    Window: 60, Max: 10, Radius: 4.5
    Stable: ['Ore', 'WaterMill']
    Varying: ['WaterZumpf']
  • dynamic (constraint)
    Window: 60, Max: 10, Radius: 4.5
    Varying: ['Ore', 'WaterMill', 'WaterZumpf']

Output Paths:
  Output: C:\Projects\experiments\data_preparation\output
  Analysis: C:\Projects\experiments\data_preparation\output\analysis
  Plots: C:\Projects\experiments\data_preparation\output\plots
======================================================================
2025-11-06 11:59:50,121 - pipeline - INFO - 
--------------------------------------------------------------------------------
2025-11-06 11:59:50,122 - pipeline - INFO - STEP 1: LOADING AND PREPARING DATA
2025-11-06 11:59:50,122 - pipeline - INFO - --------------------------------------------------------------------------------
2025-11-06 11:59:50,122 - core.data_loader - INFO - Loading data for Mill 8
2025-11-06 11:59:50,122 - core.data_loader - INFO -   Date range: 2025-09-01 to 2025-11-03
2025-11-06 11:59:50,122 - core.data_loader - INFO -   Resample: 1min
2025-11-06 11:59:50,122 - pipeline - ERROR - Pipeline failed: Cache file not found: C:\Projects\experiments\data_preparation\output\initial_data.csv
Database is not available. Please provide cached data.
Traceback (most recent call last):
  File "c:\Projects\experiments\data_preparation\pipeline.py", line 64, in run
    self.load_data()
  File "c:\Projects\experiments\data_preparation\pipeline.py", line 102, in load_data
    self.df = self.data_loader.load_mill_data(
              ^^^^^^^^^^^^^^^^^^^^^^^^^^^^^^^^
  File "c:\Projects\experiments\data_preparation\core\data_loader.py", line 102, in load_mill_data
    raise FileNotFoundError(
FileNotFoundError: Cache file not found: C:\Projects\experiments\data_preparation\output\initial_data.csv
Database is not available. Please provide cached data.
2025-11-06 11:59:50,125 - __main__ - ERROR - 
✗ Pipeline failed: Cache file not found: C:\Projects\experiments\data_preparation\output\initial_data.csv
Database is not available. Please provide cached data.
Traceback (most recent call last):
  File "c:\Projects\experiments\data_preparation\run.py", line 67, in main
    pipeline.run()
  File "c:\Projects\experiments\data_preparation\pipeline.py", line 64, in run
    self.load_data()
  File "c:\Projects\experiments\data_preparation\pipeline.py", line 102, in load_data
    self.df = self.data_loader.load_mill_data(
              ^^^^^^^^^^^^^^^^^^^^^^^^^^^^^^^^
  File "c:\Projects\experiments\data_preparation\core\data_loader.py", line 102, in load_mill_data
    raise FileNotFoundError(
FileNotFoundError: Cache file not found: C:\Projects\experiments\data_preparation\output\initial_data.csv
Database is not available. Please provide cached data.
2025-11-06 12:00:05,467 - core.data_loader - WARNING - Database module not available, will use cache only
2025-11-06 12:00:05,467 - pipeline - INFO - 
================================================================================
2025-11-06 12:00:05,467 - pipeline - INFO - STARTING DATA PREPARATION PIPELINE v2.0
2025-11-06 12:00:05,467 - pipeline - INFO - ================================================================================
2025-11-06 12:00:05,467 - pipeline - INFO - ======================================================================
DATA PREPARATION PIPELINE CONFIGURATION
======================================================================

Mill Number: 8
Date Range: 2025-09-01 to 2025-11-03

Features:
  MV: ['Ore', 'WaterMill', 'WaterZumpf']
  CV: ['DensityHC', 'PulpHC', 'PressureHC', 'CirculativeLoad']
  DV: ['Class_15', 'Daiki', 'FE', 'MotorAmp']
  Target: PSI200

Patterns (4 enabled):
  • mv (mv)
    Window: 60, Max: 20, Radius: 4.5
  • density (constraint)
    Window: 60, Max: 15, Radius: 4.5
    Stable: ['WaterZumpf']
    Varying: ['Ore', 'WaterMill']
  • inverse (constraint)
    Window: 60, Max: 10, Radius: 4.5
    Stable: ['Ore', 'WaterMill']
    Varying: ['WaterZumpf']
  • dynamic (constraint)
    Window: 60, Max: 10, Radius: 4.5
    Varying: ['Ore', 'WaterMill', 'WaterZumpf']

Output Paths:
  Output: C:\Projects\experiments\data_preparation\output
  Analysis: C:\Projects\experiments\data_preparation\output\analysis
  Plots: C:\Projects\experiments\data_preparation\output\plots
======================================================================
2025-11-06 12:00:05,468 - pipeline - INFO - 
--------------------------------------------------------------------------------
2025-11-06 12:00:05,468 - pipeline - INFO - STEP 1: LOADING AND PREPARING DATA
2025-11-06 12:00:05,468 - pipeline - INFO - --------------------------------------------------------------------------------
2025-11-06 12:00:05,468 - core.data_loader - INFO - Loading data for Mill 8
2025-11-06 12:00:05,468 - core.data_loader - INFO -   Date range: 2025-09-01 to 2025-11-03
2025-11-06 12:00:05,468 - core.data_loader - INFO -   Resample: 1min
2025-11-06 12:00:05,468 - pipeline - ERROR - Pipeline failed: Cache file not found: C:\Projects\experiments\data_preparation\output\initial_data.csv
Database is not available. Please provide cached data.
Traceback (most recent call last):
  File "c:\Projects\experiments\data_preparation\pipeline.py", line 64, in run
    self.load_data()
  File "c:\Projects\experiments\data_preparation\pipeline.py", line 102, in load_data
    self.df = self.data_loader.load_mill_data(
              ^^^^^^^^^^^^^^^^^^^^^^^^^^^^^^^^
  File "c:\Projects\experiments\data_preparation\core\data_loader.py", line 102, in load_mill_data
    raise FileNotFoundError(
FileNotFoundError: Cache file not found: C:\Projects\experiments\data_preparation\output\initial_data.csv
Database is not available. Please provide cached data.
2025-11-06 12:00:05,470 - __main__ - ERROR - 
✗ Pipeline failed: Cache file not found: C:\Projects\experiments\data_preparation\output\initial_data.csv
Database is not available. Please provide cached data.
Traceback (most recent call last):
  File "c:\Projects\experiments\data_preparation\run.py", line 67, in main
    pipeline.run()
  File "c:\Projects\experiments\data_preparation\pipeline.py", line 64, in run
    self.load_data()
  File "c:\Projects\experiments\data_preparation\pipeline.py", line 102, in load_data
    self.df = self.data_loader.load_mill_data(
              ^^^^^^^^^^^^^^^^^^^^^^^^^^^^^^^^
  File "c:\Projects\experiments\data_preparation\core\data_loader.py", line 102, in load_mill_data
    raise FileNotFoundError(
FileNotFoundError: Cache file not found: C:\Projects\experiments\data_preparation\output\initial_data.csv
Database is not available. Please provide cached data.
2025-11-06 12:00:15,947 - core.data_loader - WARNING - Database module not available, will use cache only
2025-11-06 12:00:15,947 - pipeline - INFO - 
================================================================================
2025-11-06 12:00:15,947 - pipeline - INFO - STARTING DATA PREPARATION PIPELINE v2.0
2025-11-06 12:00:15,948 - pipeline - INFO - ================================================================================
2025-11-06 12:00:15,948 - pipeline - INFO - ======================================================================
DATA PREPARATION PIPELINE CONFIGURATION
======================================================================

Mill Number: 8
Date Range: 2025-09-01 to 2025-11-03

Features:
  MV: ['Ore', 'WaterMill', 'WaterZumpf']
  CV: ['DensityHC', 'PulpHC', 'PressureHC', 'CirculativeLoad']
  DV: ['Class_15', 'Daiki', 'FE', 'MotorAmp']
  Target: PSI200

Patterns (4 enabled):
  • mv (mv)
    Window: 60, Max: 20, Radius: 4.5
  • density (constraint)
    Window: 60, Max: 15, Radius: 4.5
    Stable: ['WaterZumpf']
    Varying: ['Ore', 'WaterMill']
  • inverse (constraint)
    Window: 60, Max: 10, Radius: 4.5
    Stable: ['Ore', 'WaterMill']
    Varying: ['WaterZumpf']
  • dynamic (constraint)
    Window: 60, Max: 10, Radius: 4.5
    Varying: ['Ore', 'WaterMill', 'WaterZumpf']

Output Paths:
  Output: C:\Projects\experiments\data_preparation\output
  Analysis: C:\Projects\experiments\data_preparation\output\analysis
  Plots: C:\Projects\experiments\data_preparation\output\plots
======================================================================
2025-11-06 12:00:15,948 - pipeline - INFO - 
--------------------------------------------------------------------------------
2025-11-06 12:00:15,948 - pipeline - INFO - STEP 1: LOADING AND PREPARING DATA
2025-11-06 12:00:15,949 - pipeline - INFO - --------------------------------------------------------------------------------
2025-11-06 12:00:15,949 - core.data_loader - INFO - Loading data for Mill 8
2025-11-06 12:00:15,949 - core.data_loader - INFO -   Date range: 2025-09-01 to 2025-11-03
2025-11-06 12:00:15,949 - core.data_loader - INFO -   Resample: 1min
2025-11-06 12:00:15,949 - pipeline - ERROR - Pipeline failed: Cache file not found: C:\Projects\experiments\data_preparation\output\initial_data.csv
Database is not available. Please provide cached data.
Traceback (most recent call last):
  File "c:\Projects\experiments\data_preparation\pipeline.py", line 64, in run
    self.load_data()
  File "c:\Projects\experiments\data_preparation\pipeline.py", line 102, in load_data
    self.df = self.data_loader.load_mill_data(
              ^^^^^^^^^^^^^^^^^^^^^^^^^^^^^^^^
  File "c:\Projects\experiments\data_preparation\core\data_loader.py", line 102, in load_mill_data
    raise FileNotFoundError(
FileNotFoundError: Cache file not found: C:\Projects\experiments\data_preparation\output\initial_data.csv
Database is not available. Please provide cached data.
2025-11-06 12:00:15,950 - __main__ - ERROR - 
✗ Pipeline failed: Cache file not found: C:\Projects\experiments\data_preparation\output\initial_data.csv
Database is not available. Please provide cached data.
Traceback (most recent call last):
  File "c:\Projects\experiments\data_preparation\run.py", line 67, in main
    pipeline.run()
  File "c:\Projects\experiments\data_preparation\pipeline.py", line 64, in run
    self.load_data()
  File "c:\Projects\experiments\data_preparation\pipeline.py", line 102, in load_data
    self.df = self.data_loader.load_mill_data(
              ^^^^^^^^^^^^^^^^^^^^^^^^^^^^^^^^
  File "c:\Projects\experiments\data_preparation\core\data_loader.py", line 102, in load_mill_data
    raise FileNotFoundError(
FileNotFoundError: Cache file not found: C:\Projects\experiments\data_preparation\output\initial_data.csv
Database is not available. Please provide cached data.
2025-11-06 12:05:57,907 - db.db_connector - INFO - Initializing database connection to s.lyubenov@em-m-db4.ellatzite-med.com:5432/em_pulse_data
2025-11-06 12:05:58,081 - db.db_connector - INFO - ✅ Database connection test successful
2025-11-06 12:05:58,082 - core.data_loader - INFO - ✅ Database connector initialized
2025-11-06 12:05:58,082 - pipeline - INFO - 
================================================================================
2025-11-06 12:05:58,082 - pipeline - INFO - STARTING DATA PREPARATION PIPELINE v2.0
2025-11-06 12:05:58,082 - pipeline - INFO - ================================================================================
2025-11-06 12:05:58,083 - pipeline - INFO - ======================================================================
DATA PREPARATION PIPELINE CONFIGURATION
======================================================================

Mill Number: 8
Date Range: 2025-09-01 to 2025-11-03

Features:
  MV: ['Ore', 'WaterMill', 'WaterZumpf']
  CV: ['DensityHC', 'PulpHC', 'PressureHC', 'CirculativeLoad']
  DV: ['Class_15', 'Daiki', 'FE', 'MotorAmp']
  Target: PSI200

Patterns (4 enabled):
  • mv (mv)
    Window: 60, Max: 20, Radius: 4.5
  • density (constraint)
    Window: 60, Max: 15, Radius: 4.5
    Stable: ['WaterZumpf']
    Varying: ['Ore', 'WaterMill']
  • inverse (constraint)
    Window: 60, Max: 10, Radius: 4.5
    Stable: ['Ore', 'WaterMill']
    Varying: ['WaterZumpf']
  • dynamic (constraint)
    Window: 60, Max: 10, Radius: 4.5
    Varying: ['Ore', 'WaterMill', 'WaterZumpf']

Output Paths:
  Output: C:\Projects\experiments\data_preparation\output
  Analysis: C:\Projects\experiments\data_preparation\output\analysis
  Plots: C:\Projects\experiments\data_preparation\output\plots
======================================================================
2025-11-06 12:05:58,083 - pipeline - INFO - 
--------------------------------------------------------------------------------
2025-11-06 12:05:58,083 - pipeline - INFO - STEP 1: LOADING AND PREPARING DATA
2025-11-06 12:05:58,083 - pipeline - INFO - --------------------------------------------------------------------------------
2025-11-06 12:05:58,083 - core.data_loader - INFO - Loading data for Mill 8
2025-11-06 12:05:58,083 - core.data_loader - INFO -   Date range: 2025-09-01 to 2025-11-03
2025-11-06 12:05:58,083 - core.data_loader - INFO -   Resample: 1min
2025-11-06 12:05:58,083 - core.data_loader - INFO -   Loading from database...
2025-11-06 12:05:58,084 - pipeline - ERROR - Pipeline failed: 'MillsDataConnector' object has no attribute 'load_mill_data'
Traceback (most recent call last):
  File "C:\Projects\experiments\data_preparation\pipeline.py", line 64, in run
    self.load_data()
  File "C:\Projects\experiments\data_preparation\pipeline.py", line 102, in load_data
    self.df = self.data_loader.load_mill_data(
              ^^^^^^^^^^^^^^^^^^^^^^^^^^^^^^^^
  File "C:\Projects\experiments\data_preparation\core\data_loader.py", line 100, in load_mill_data
    df = self.connector.load_mill_data(
         ^^^^^^^^^^^^^^^^^^^^^^^^^^^^^
AttributeError: 'MillsDataConnector' object has no attribute 'load_mill_data'. Did you mean: 'get_mill_data'?
2025-11-06 12:05:58,086 - __main__ - ERROR - 
✗ Pipeline failed: 'MillsDataConnector' object has no attribute 'load_mill_data'
Traceback (most recent call last):
  File "C:\Projects\experiments\data_preparation\run.py", line 67, in main
    pipeline.run()
  File "C:\Projects\experiments\data_preparation\pipeline.py", line 64, in run
    self.load_data()
  File "C:\Projects\experiments\data_preparation\pipeline.py", line 102, in load_data
    self.df = self.data_loader.load_mill_data(
              ^^^^^^^^^^^^^^^^^^^^^^^^^^^^^^^^
  File "C:\Projects\experiments\data_preparation\core\data_loader.py", line 100, in load_mill_data
    df = self.connector.load_mill_data(
         ^^^^^^^^^^^^^^^^^^^^^^^^^^^^^
AttributeError: 'MillsDataConnector' object has no attribute 'load_mill_data'. Did you mean: 'get_mill_data'?
2025-11-06 12:09:20,355 - db.db_connector - INFO - Initializing database connection to s.lyubenov@em-m-db4.ellatzite-med.com:5432/em_pulse_data
2025-11-06 12:09:20,481 - db.db_connector - INFO - ✅ Database connection test successful
2025-11-06 12:09:20,481 - core.data_loader - INFO - ✅ Database connector initialized
2025-11-06 12:09:20,481 - pipeline - INFO - 
================================================================================
2025-11-06 12:09:20,481 - pipeline - INFO - STARTING DATA PREPARATION PIPELINE v2.0
2025-11-06 12:09:20,482 - pipeline - INFO - ================================================================================
2025-11-06 12:09:20,482 - pipeline - INFO - ======================================================================
DATA PREPARATION PIPELINE CONFIGURATION
======================================================================

Mill Number: 8
Date Range: 2025-09-01 to 2025-11-03

Features:
  MV: ['Ore', 'WaterMill', 'WaterZumpf']
  CV: ['DensityHC', 'PulpHC', 'PressureHC', 'CirculativeLoad']
  DV: ['Class_15', 'Daiki', 'FE', 'MotorAmp']
  Target: PSI200

Patterns (4 enabled):
  • mv (mv)
    Window: 60, Max: 20, Radius: 4.5
  • density (constraint)
    Window: 60, Max: 15, Radius: 4.5
    Stable: ['WaterZumpf']
    Varying: ['Ore', 'WaterMill']
  • inverse (constraint)
    Window: 60, Max: 10, Radius: 4.5
    Stable: ['Ore', 'WaterMill']
    Varying: ['WaterZumpf']
  • dynamic (constraint)
    Window: 60, Max: 10, Radius: 4.5
    Varying: ['Ore', 'WaterMill', 'WaterZumpf']

Output Paths:
  Output: C:\Projects\experiments\data_preparation\output
  Analysis: C:\Projects\experiments\data_preparation\output\analysis
  Plots: C:\Projects\experiments\data_preparation\output\plots
======================================================================
2025-11-06 12:09:20,482 - pipeline - INFO - 
--------------------------------------------------------------------------------
2025-11-06 12:09:20,482 - pipeline - INFO - STEP 1: LOADING AND PREPARING DATA
2025-11-06 12:09:20,483 - pipeline - INFO - --------------------------------------------------------------------------------
2025-11-06 12:09:20,483 - core.data_loader - INFO - Loading data for Mill 8
2025-11-06 12:09:20,483 - core.data_loader - INFO -   Date range: 2025-09-01 to 2025-11-03
2025-11-06 12:09:20,483 - core.data_loader - INFO -   Resample: 1min
2025-11-06 12:09:20,483 - core.data_loader - INFO -   Loading from database...
2025-11-06 12:09:20,483 - pipeline - ERROR - Pipeline failed: MillsDataConnector.get_mill_data() got an unexpected keyword argument 'resample_freq'
Traceback (most recent call last):
  File "C:\Projects\experiments\data_preparation\pipeline.py", line 64, in run
    self.load_data()
  File "C:\Projects\experiments\data_preparation\pipeline.py", line 102, in load_data
    self.df = self.data_loader.load_mill_data(
              ^^^^^^^^^^^^^^^^^^^^^^^^^^^^^^^^
  File "C:\Projects\experiments\data_preparation\core\data_loader.py", line 100, in load_mill_data
    df = self.connector.get_mill_data(
         ^^^^^^^^^^^^^^^^^^^^^^^^^^^^^
TypeError: MillsDataConnector.get_mill_data() got an unexpected keyword argument 'resample_freq'
2025-11-06 12:09:20,485 - __main__ - ERROR - 
✗ Pipeline failed: MillsDataConnector.get_mill_data() got an unexpected keyword argument 'resample_freq'
Traceback (most recent call last):
  File "C:\Projects\experiments\data_preparation\run.py", line 67, in main
    pipeline.run()
  File "C:\Projects\experiments\data_preparation\pipeline.py", line 64, in run
    self.load_data()
  File "C:\Projects\experiments\data_preparation\pipeline.py", line 102, in load_data
    self.df = self.data_loader.load_mill_data(
              ^^^^^^^^^^^^^^^^^^^^^^^^^^^^^^^^
  File "C:\Projects\experiments\data_preparation\core\data_loader.py", line 100, in load_mill_data
    df = self.connector.get_mill_data(
         ^^^^^^^^^^^^^^^^^^^^^^^^^^^^^
TypeError: MillsDataConnector.get_mill_data() got an unexpected keyword argument 'resample_freq'
2025-11-06 12:11:24,236 - db.db_connector - INFO - Initializing database connection to s.lyubenov@em-m-db4.ellatzite-med.com:5432/em_pulse_data
2025-11-06 12:11:24,368 - db.db_connector - INFO - ✅ Database connection test successful
2025-11-06 12:11:24,368 - core.data_loader - INFO - ✅ Database connector initialized
2025-11-06 12:11:24,369 - pipeline - INFO - 
================================================================================
2025-11-06 12:11:24,369 - pipeline - INFO - STARTING DATA PREPARATION PIPELINE v2.0
2025-11-06 12:11:24,369 - pipeline - INFO - ================================================================================
2025-11-06 12:11:24,370 - pipeline - INFO - ======================================================================
DATA PREPARATION PIPELINE CONFIGURATION
======================================================================

Mill Number: 8
Date Range: 2025-09-01 to 2025-11-03

Features:
  MV: ['Ore', 'WaterMill', 'WaterZumpf']
  CV: ['DensityHC', 'PulpHC', 'PressureHC', 'CirculativeLoad']
  DV: ['Class_15', 'Daiki', 'FE', 'MotorAmp']
  Target: PSI200

Patterns (4 enabled):
  • mv (mv)
    Window: 60, Max: 20, Radius: 4.5
  • density (constraint)
    Window: 60, Max: 15, Radius: 4.5
    Stable: ['WaterZumpf']
    Varying: ['Ore', 'WaterMill']
  • inverse (constraint)
    Window: 60, Max: 10, Radius: 4.5
    Stable: ['Ore', 'WaterMill']
    Varying: ['WaterZumpf']
  • dynamic (constraint)
    Window: 60, Max: 10, Radius: 4.5
    Varying: ['Ore', 'WaterMill', 'WaterZumpf']

Output Paths:
  Output: C:\Projects\experiments\data_preparation\output
  Analysis: C:\Projects\experiments\data_preparation\output\analysis
  Plots: C:\Projects\experiments\data_preparation\output\plots
======================================================================
2025-11-06 12:11:24,371 - pipeline - INFO - 
--------------------------------------------------------------------------------
2025-11-06 12:11:24,371 - pipeline - INFO - STEP 1: LOADING AND PREPARING DATA
2025-11-06 12:11:24,371 - pipeline - INFO - --------------------------------------------------------------------------------
2025-11-06 12:11:24,371 - core.data_loader - INFO - Loading data for Mill 8
2025-11-06 12:11:24,371 - core.data_loader - INFO -   Date range: 2025-09-01 to 2025-11-03
2025-11-06 12:11:24,371 - core.data_loader - INFO -   Resample: 1min
2025-11-06 12:11:24,372 - core.data_loader - INFO -   Loading from database...
2025-11-06 12:11:24,372 - db.db_connector - INFO - === STARTING get_combined_data for Mill 8 ===
2025-11-06 12:11:24,373 - db.db_connector - INFO - DEBUG: Request parameters - mill_number=8, start_date=2025-09-01, end_date=2025-11-03
2025-11-06 12:11:24,373 - db.db_connector - INFO - DEBUG: Additional parameters - resample_freq=1min, save_to_logs=False, no_interpolation=True
2025-11-06 12:11:24,373 - db.db_connector - INFO - Retrieving mill data for mill 8 from 2025-09-01 to 2025-11-03
2025-11-06 12:11:24,373 - db.db_connector - INFO - DEBUG: get_mill_data called with mill_number=8, start_date=2025-09-01, end_date=2025-11-03
2025-11-06 12:11:24,373 - db.db_connector - INFO - DEBUG: Current time: 2025-11-06 12:11:24.373928
2025-11-06 12:11:24,374 - db.db_connector - INFO - DEBUG: Parsed start_date: 2025-09-01 00:00:00 (timezone: None)
2025-11-06 12:11:24,375 - db.db_connector - INFO - DEBUG: Parsed end_date: 2025-11-03 00:00:00 (timezone: None)
2025-11-06 12:11:24,379 - db.db_connector - INFO - DEBUG: Days from now to end_date: -4
2025-11-06 12:11:24,380 - db.db_connector - INFO - DEBUG: Converted start_date 2025-09-01 -> 2025-09-01 00:00:00
2025-11-06 12:11:24,381 - db.db_connector - INFO - DEBUG: Converted end_date 2025-11-03 -> 2025-11-03 00:00:00
2025-11-06 12:11:24,381 - db.db_connector - INFO - DEBUG: Executing query: SELECT * FROM mills."MILL_08" WHERE "TimeStamp" >= '2025-09-01 00:00:00' AND "TimeStamp" <= '2025-11-03 00:00:00'
2025-11-06 12:11:24,381 - db.db_connector - INFO - DEBUG: Query will search table: mills."MILL_08"
2025-11-06 12:11:24,514 - db.db_connector - INFO - DEBUG: Table MILL_08 has 445480 total records
2025-11-06 12:11:24,514 - db.db_connector - INFO - DEBUG: Table MILL_08 date range: 2025-01-01 02:07:00 to 2025-11-06 11:48:00
2025-11-06 12:11:24,656 - db.db_connector - INFO - DEBUG: Table MILL_08 has 123762 records after 2025-08-12 12:54:00
2025-11-06 12:11:25,358 - db.db_connector - INFO - Retrieved 90709 rows for Mill 8
2025-11-06 12:11:25,358 - db.db_connector - INFO - DEBUG: Mill data date range: 2025-09-01 00:00:00 to 2025-11-03 00:00:00
2025-11-06 12:11:25,363 - db.db_connector - INFO - DEBUG: Last 5 timestamps in mill data: [Timestamp('2025-11-02 23:56:00'), Timestamp('2025-11-02 23:57:00'), Timestamp('2025-11-02 23:58:00'), Timestamp('2025-11-02 23:59:00'), Timestamp('2025-11-03 00:00:00')]
2025-11-06 12:11:25,367 - db.db_connector - INFO - DEBUG: Records after 2025-08-12 12:54:00: 90709
2025-11-06 12:11:25,367 - db.db_connector - INFO - DEBUG: First timestamp after cutoff: 2025-09-01 00:00:00
2025-11-06 12:11:25,367 - db.db_connector - INFO - DEBUG: Last timestamp after cutoff: 2025-11-03 00:00:00
2025-11-06 12:11:25,368 - db.db_connector - INFO - Mill data retrieved: 90709 rows, 13 columns
2025-11-06 12:11:25,368 - db.db_connector - INFO - Mill data columns: ['Ore', 'WaterMill', 'WaterZumpf', 'Power', 'ZumpfLevel', 'PressureHC', 'DensityHC', 'FE', 'PulpHC', 'PumpRPM', 'MotorAmp', 'PSI80', 'PSI200']
2025-11-06 12:11:25,382 - db.db_connector - INFO - Mill data sample:
                           Ore  WaterMill  ...      PSI80     PSI200
TimeStamp                                  ...                      
2025-09-01 00:00:00  159.15780  11.889000  ...  51.300000  23.800000
2025-09-01 00:01:00  158.25700  11.936857  ...  51.045283  24.054717
2025-09-01 00:02:00  158.50875  12.023000  ...  50.800000  24.300000

[3 rows x 13 columns]
2025-11-06 12:11:25,391 - db.db_connector - INFO - DEBUG: process_dataframe date filtering - start=2025-09-01 00:00:00, end=2025-11-03 00:00:00
2025-11-06 12:11:25,392 - db.db_connector - INFO - DEBUG: Before date filtering: 90709 rows, date range: 2025-09-01 00:00:00 to 2025-11-03 00:00:00
2025-11-06 12:11:25,395 - db.db_connector - INFO - DEBUG: After start date filter (2025-09-01 00:00:00): 90709 rows (removed 0 rows)
2025-11-06 12:11:25,399 - db.db_connector - INFO - DEBUG: After end date filter (2025-11-03 00:00:00): 90709 rows (removed 0 rows)
2025-11-06 12:11:25,400 - db.db_connector - INFO - DEBUG: After date filtering: 90709 rows, date range: 2025-09-01 00:00:00 to 2025-11-03 00:00:00
2025-11-06 12:11:25,464 - db.db_connector - INFO - Applied resampling with interpolation
2025-11-06 12:11:25,492 - db.db_connector - INFO - Applied smoothing with rolling window of size 15
2025-11-06 12:11:25,493 - db.db_connector - INFO - Resampled data to 1min frequency
2025-11-06 12:11:25,495 - db.db_connector - INFO - Processed mill data: 90721 rows, 13 columns
2025-11-06 12:11:25,496 - db.db_connector - INFO - Retrieving ore quality data
2025-11-06 12:11:25,496 - db.db_connector - INFO - DEBUG: get_ore_quality called with start_date=2025-09-01, end_date=2025-11-03
2025-11-06 12:11:25,496 - db.db_connector - INFO - DEBUG: Ore quality parsed start_date: 2025-09-01 00:00:00 (timezone: None)
2025-11-06 12:11:25,497 - db.db_connector - INFO - DEBUG: Ore quality parsed end_date: 2025-11-03 00:00:00 (timezone: None)
2025-11-06 12:11:25,497 - db.db_connector - INFO - DEBUG: Ore quality converted start_date 2025-09-01 -> 2025-09-01 00:00:00
2025-11-06 12:11:25,498 - db.db_connector - INFO - DEBUG: Ore quality converted end_date 2025-11-03 -> 2025-11-03 00:00:00
2025-11-06 12:11:25,498 - db.db_connector - INFO - DEBUG: Executing ore quality query: SELECT * FROM mills.ore_quality WHERE "TimeStamp" >= '2025-09-01 00:00:00' AND "TimeStamp" <= '2025-11-03 00:00:00'
2025-11-06 12:11:25,508 - db.db_connector - INFO - DEBUG: ore_quality table has 921 total records
2025-11-06 12:11:25,509 - db.db_connector - INFO - DEBUG: ore_quality table date range: 2025-01-01 06:00:00 to 2025-11-03 22:00:00
2025-11-06 12:11:25,511 - db.db_connector - INFO - DEBUG: ore_quality table has 251 records after 2025-08-12 12:54:00
2025-11-06 12:11:25,512 - db.db_connector - INFO - DEBUG: ore_quality has 189 records in requested range 2025-09-01 to 2025-11-03
2025-11-06 12:11:25,517 - db.db_connector - INFO - Retrieved 189 rows of ore quality data
2025-11-06 12:11:25,518 - db.db_connector - INFO - DEBUG: Ore quality data date range: 2025-09-01 06:00:00 to 2025-11-02 22:00:00
2025-11-06 12:11:25,518 - db.db_connector - INFO - DEBUG: Last 5 timestamps in ore quality data: [Timestamp('2025-11-01 14:00:00'), Timestamp('2025-11-01 22:00:00'), Timestamp('2025-11-02 06:00:00'), Timestamp('2025-11-02 14:00:00'), Timestamp('2025-11-02 22:00:00')]
2025-11-06 12:11:25,520 - db.db_connector - INFO - DEBUG: Ore quality records after 2025-08-12 12:54:00: 189
2025-11-06 12:11:25,520 - db.db_connector - INFO - Ore data retrieved: 189 rows, 11 columns
2025-11-06 12:11:25,520 - db.db_connector - INFO - Ore data columns: ['id', 'Date', 'Shift', 'TimeStamp', 'Class_15', 'Class_12', 'Grano', 'Daiki', 'Shisti', 'Original_Sheet', 'Created_At']
2025-11-06 12:11:25,521 - db.db_connector - INFO - DEBUG: process_dataframe date filtering - start=2025-09-01 00:00:00, end=2025-11-03 00:00:00
2025-11-06 12:11:25,521 - db.db_connector - INFO - DEBUG: Before date filtering: 189 rows, date range: 2025-09-01 06:00:00 to 2025-11-02 22:00:00
2025-11-06 12:11:25,521 - db.db_connector - INFO - DEBUG: After start date filter (2025-09-01 00:00:00): 189 rows (removed 0 rows)
2025-11-06 12:11:25,521 - db.db_connector - INFO - DEBUG: After end date filter (2025-11-03 00:00:00): 189 rows (removed 0 rows)
2025-11-06 12:11:25,521 - db.db_connector - INFO - DEBUG: After date filtering: 189 rows, date range: 2025-09-01 06:00:00 to 2025-11-02 22:00:00
2025-11-06 12:11:25,534 - db.db_connector - INFO - Applied resampling with constant values (no interpolation or smoothing)
2025-11-06 12:11:25,535 - db.db_connector - INFO - Resampled data to 1min frequency
2025-11-06 12:11:25,537 - db.db_connector - INFO - Processed ore data: 90241 rows, 9 columns - with constant values (no interpolation)
2025-11-06 12:11:25,537 - db.db_connector - INFO - DF1 (mill): 90721 rows, index range: 2025-09-01 00:00:00 to 2025-11-03 00:00:00
2025-11-06 12:11:25,537 - db.db_connector - INFO - DF2 (ore): 90241 rows, index range: 2025-09-01 06:00:00 to 2025-11-02 22:00:00
2025-11-06 12:11:25,538 - db.db_connector - INFO - Found 90241 common timestamps
2025-11-06 12:11:25,552 - db.db_connector - INFO - Successfully joined dataframes: 90241 rows, 22 columns
2025-11-06 12:11:25,552 - db.db_connector - INFO - Joined dataframe columns: ['Ore', 'WaterMill', 'WaterZumpf', 'Power', 'ZumpfLevel', 'PressureHC', 'DensityHC', 'FE', 'PulpHC', 'PumpRPM', 'MotorAmp', 'PSI80', 'PSI200', 'id', 'Date', 'Shift', 'Class_15', 'Class_12', 'Grano', 'Daiki', 'Shisti', 'Original_Sheet']
2025-11-06 12:11:25,553 - db.db_connector - INFO - DEBUG: Final combined data date range: 2025-09-01 06:00:00 to 2025-11-02 22:00:00
2025-11-06 12:11:25,563 - db.db_connector - INFO - DEBUG: Combined data records after 2025-08-12 12:54:00: 90241
2025-11-06 12:11:25,563 - db.db_connector - INFO - DEBUG: SUCCESS - Combined data extends beyond 2025-08-12 with 90241 records
2025-11-06 12:11:25,563 - db.db_connector - INFO - 
=== Combined Dataframe Head (first 3 rows) ===
2025-11-06 12:11:25,568 - db.db_connector - INFO -                             Ore  WaterMill  WaterZumpf        Power   ZumpfLevel  PressureHC    DensityHC        FE      PulpHC  PumpRPM    MotorAmp  PSI80  PSI200   id  Date  Shift  Class_15  Class_12  Grano  Daiki  Shisti  Original_Sheet
TimeStamp                                                                                                                                                                                                                                      
2025-09-01 06:00:00  156.890305  11.722579  196.992968  1960.387021  1508.929739    0.351096  1655.974206  3.207067  541.232102  671.841  186.364162   51.3    23.7  730   NaN      1       0.6       5.6  0.668  0.273   0.059             NaN
2025-09-01 06:01:00  156.872716  11.722913  196.923968  1958.575147  1509.889679    0.350762  1656.100381  3.203933  541.485381  671.841  186.136927   51.3    23.7  730   NaN      1       0.6       5.6  0.668  0.273   0.059             NaN
2025-09-01 06:02:00  156.870916  11.724042  196.815801  1956.897972  1510.439388    0.350560  1656.211026  3.200800  541.449294  671.841  186.028273   51.3    23.7  730   NaN      1       0.6       5.6  0.668  0.273   0.059             NaN
2025-11-06 12:11:25,568 - db.db_connector - INFO - 
=== Combined Dataframe Tail (last 3 rows) ===
2025-11-06 12:11:25,571 - db.db_connector - INFO -                             Ore  WaterMill  WaterZumpf        Power   ZumpfLevel  PressureHC    DensityHC        FE      PulpHC     PumpRPM    MotorAmp      PSI80     PSI200   id  Date  Shift  Class_15  Class_12  Grano  Daiki  Shisti  Original_Sheet
TimeStamp                                                                                                                                                                                                                                                
2025-11-02 21:58:00  162.899071  13.557176  237.202669  1944.137325  1570.842068    0.368823  1765.304037  3.448200  376.551515  666.810864  183.318323  49.206667  26.113119  917   NaN      2       0.6       7.6  0.656  0.277   0.067             NaN
2025-11-02 21:59:00  162.869405  13.565208  237.181335  1945.143783  1571.309935    0.368631  1765.624296  3.444467  376.927802  666.919064  183.404781  49.280000  26.066452  917   NaN      2       0.6       7.6  0.656  0.277   0.067             NaN
2025-11-02 22:00:00  162.839738  13.577674  237.087535  1943.529258  1570.771032    0.368298  1765.877933  3.440733  377.188217  667.007769  183.273082  49.353333  26.019785  918   NaN      3       0.8       7.5  0.668  0.304   0.028             NaN
2025-11-06 12:11:25,571 - db.db_connector - INFO - ==================================================
2025-11-06 12:11:25,574 - db.db_connector - INFO - Combined data has 90241 rows and 22 columns
2025-11-06 12:11:25,575 - db.db_connector - INFO - Combined data columns: ['Ore', 'WaterMill', 'WaterZumpf', 'Power', 'ZumpfLevel', 'PressureHC', 'DensityHC', 'FE', 'PulpHC', 'PumpRPM', 'MotorAmp', 'PSI80', 'PSI200', 'id', 'Date', 'Shift', 'Class_15', 'Class_12', 'Grano', 'Daiki', 'Shisti', 'Original_Sheet']
2025-11-06 12:11:25,584 - db.db_connector - INFO - Combined data sample:
                            Ore  WaterMill  WaterZumpf  ...  Daiki  Shisti  Original_Sheet
TimeStamp                                               ...                               
2025-09-01 06:00:00  156.890305  11.722579  196.992968  ...  0.273   0.059             NaN
2025-09-01 06:01:00  156.872716  11.722913  196.923968  ...  0.273   0.059             NaN
2025-09-01 06:02:00  156.870916  11.724042  196.815801  ...  0.273   0.059             NaN

[3 rows x 22 columns]
2025-11-06 12:11:25,584 - db.db_connector - INFO - === COMPLETED get_combined_data for Mill 8 ===
2025-11-06 12:11:25,585 - db.db_connector - INFO - DEBUG: Final result - 90241 total records
2025-11-06 12:11:25,585 - db.db_connector - INFO - DEBUG: Final date range: 2025-09-01 06:00:00 to 2025-11-02 22:00:00
2025-11-06 12:11:25,613 - core.data_loader - INFO -   ✓ Loaded 90241 rows, 24 columns from database
2025-11-06 12:11:26,767 - core.data_loader - INFO -   ✓ Cached data to C:\Projects\experiments\data_preparation\output\initial_data.csv
2025-11-06 12:11:26,767 - core.data_loader - INFO -   ✓ All required columns present: 11 columns
2025-11-06 12:11:26,767 - core.data_loader - INFO - Filtering data...
2025-11-06 12:11:26,772 - core.data_loader - INFO -   Ore: [100, 220] - removed 182 rows
2025-11-06 12:11:26,778 - core.data_loader - INFO -   PulpHC: [400, 600] - removed 13622 rows
2025-11-06 12:11:26,784 - core.data_loader - INFO -   DensityHC: [1600, 1800] - removed 428 rows
2025-11-06 12:11:26,784 - core.data_loader - INFO -   ✓ Filtered: 90241 → 76009 rows (84.2% retained)
2025-11-06 12:11:26,787 - core.data_loader - INFO - Calculating circulative load...
2025-11-06 12:11:26,789 - core.data_loader - INFO -   ✓ Circulative load calculated
2025-11-06 12:11:26,789 - core.data_loader - INFO -   Valid range [0.5, 5.0]: 99.9% of data
2025-11-06 12:11:26,790 - core.data_loader - INFO -   Mean: 1.04, Std: 0.20
2025-11-06 12:11:27,981 - pipeline - INFO - ✓ Data ready: 76009 rows, 28 columns
2025-11-06 12:11:27,981 - pipeline - INFO - 
--------------------------------------------------------------------------------
2025-11-06 12:11:27,982 - pipeline - INFO - STEP 2: DISCOVERING PATTERNS
2025-11-06 12:11:27,982 - pipeline - INFO - --------------------------------------------------------------------------------
2025-11-06 12:11:27,982 - pipeline - INFO - Enabled patterns: 4
2025-11-06 12:11:27,982 - core.pattern_registry - ERROR - Error discovering pattern 'mv': Pattern type 'mv' not registered. Available: []
Traceback (most recent call last):
  File "C:\Projects\experiments\data_preparation\core\pattern_registry.py", line 96, in discover_all
    pattern = cls.create_pattern(name, config)
              ^^^^^^^^^^^^^^^^^^^^^^^^^^^^^^^^
  File "C:\Projects\experiments\data_preparation\core\pattern_registry.py", line 59, in create_pattern
    raise ValueError(
ValueError: Pattern type 'mv' not registered. Available: []
2025-11-06 12:11:27,984 - core.pattern_registry - ERROR - Error discovering pattern 'density': Pattern type 'constraint' not registered. Available: []
Traceback (most recent call last):
  File "C:\Projects\experiments\data_preparation\core\pattern_registry.py", line 96, in discover_all
    pattern = cls.create_pattern(name, config)
              ^^^^^^^^^^^^^^^^^^^^^^^^^^^^^^^^
  File "C:\Projects\experiments\data_preparation\core\pattern_registry.py", line 59, in create_pattern
    raise ValueError(
ValueError: Pattern type 'constraint' not registered. Available: []
2025-11-06 12:11:27,984 - core.pattern_registry - ERROR - Error discovering pattern 'inverse': Pattern type 'constraint' not registered. Available: []
Traceback (most recent call last):
  File "C:\Projects\experiments\data_preparation\core\pattern_registry.py", line 96, in discover_all
    pattern = cls.create_pattern(name, config)
              ^^^^^^^^^^^^^^^^^^^^^^^^^^^^^^^^
  File "C:\Projects\experiments\data_preparation\core\pattern_registry.py", line 59, in create_pattern
    raise ValueError(
ValueError: Pattern type 'constraint' not registered. Available: []
2025-11-06 12:11:27,985 - core.pattern_registry - ERROR - Error discovering pattern 'dynamic': Pattern type 'constraint' not registered. Available: []
Traceback (most recent call last):
  File "C:\Projects\experiments\data_preparation\core\pattern_registry.py", line 96, in discover_all
    pattern = cls.create_pattern(name, config)
              ^^^^^^^^^^^^^^^^^^^^^^^^^^^^^^^^
  File "C:\Projects\experiments\data_preparation\core\pattern_registry.py", line 59, in create_pattern
    raise ValueError(
ValueError: Pattern type 'constraint' not registered. Available: []
2025-11-06 12:11:27,986 - pipeline - INFO - 
✓ Pattern discovery complete:
2025-11-06 12:11:27,986 - pipeline - INFO -   Total motifs: 0
2025-11-06 12:11:27,986 - pipeline - INFO -   Total instances: 0
2025-11-06 12:11:27,986 - pipeline - INFO - 
--------------------------------------------------------------------------------
2025-11-06 12:11:27,986 - pipeline - INFO - STEP 3: ANALYZING PATTERNS
2025-11-06 12:11:27,986 - pipeline - INFO - --------------------------------------------------------------------------------
2025-11-06 12:11:27,986 - pipeline - INFO - 
✓ Pattern analysis complete
2025-11-06 12:11:27,987 - pipeline - INFO - 
--------------------------------------------------------------------------------
2025-11-06 12:11:27,987 - pipeline - INFO - STEP 4: CREATING SEGMENTED DATASETS
2025-11-06 12:11:27,987 - pipeline - INFO - --------------------------------------------------------------------------------
2025-11-06 12:11:27,987 - pipeline - INFO - 
Creating combined dataset (all patterns)...
2025-11-06 12:11:27,987 - core.segmentation - INFO - Merging motif collections...
2025-11-06 12:11:27,987 - core.segmentation - INFO -   mv: 0 motifs
2025-11-06 12:11:27,987 - core.segmentation - INFO -   density: 0 motifs
2025-11-06 12:11:27,987 - core.segmentation - INFO -   inverse: 0 motifs
2025-11-06 12:11:27,987 - core.segmentation - INFO -   dynamic: 0 motifs
2025-11-06 12:11:27,987 - core.segmentation - INFO -   ✓ Reassigned motif IDs sequentially
2025-11-06 12:11:27,987 - core.segmentation - INFO -   ✓ Total merged motifs: 0
2025-11-06 12:11:27,987 - core.segmentation - INFO - Creating segmented dataset from motifs...
2025-11-06 12:11:27,988 - core.segmentation - WARNING -   ⚠ No segments found!
2025-11-06 12:11:27,988 - pipeline - INFO - 
✓ Segmented datasets created
2025-11-06 12:11:27,988 - pipeline - INFO - 
--------------------------------------------------------------------------------
2025-11-06 12:11:27,988 - pipeline - INFO - STEP 5: CREATING VISUALIZATIONS
2025-11-06 12:11:27,988 - pipeline - INFO - --------------------------------------------------------------------------------
2025-11-06 12:11:27,989 - pipeline - INFO - 
✓ Visualizations saved to C:\Projects\experiments\data_preparation\output\plots\mill_8
2025-11-06 12:11:27,989 - pipeline - INFO - 
================================================================================
2025-11-06 12:11:27,989 - pipeline - INFO - DATA PREPARATION COMPLETE
2025-11-06 12:11:27,989 - pipeline - INFO - ================================================================================
2025-11-06 12:11:27,989 - pipeline - INFO - Output directory: C:\Projects\experiments\data_preparation\output
2025-11-06 12:11:27,990 - pipeline - INFO - Analysis directory: C:\Projects\experiments\data_preparation\output\analysis
2025-11-06 12:11:27,990 - pipeline - INFO - Plots directory: C:\Projects\experiments\data_preparation\output\plots
2025-11-06 12:11:27,990 - __main__ - INFO - 
✓ Data preparation pipeline completed successfully!
2025-11-06 12:11:57,136 - db.db_connector - INFO - Initializing database connection to s.lyubenov@em-m-db4.ellatzite-med.com:5432/em_pulse_data
2025-11-06 12:11:57,226 - db.db_connector - INFO - ✅ Database connection test successful
2025-11-06 12:11:57,227 - core.data_loader - INFO - ✅ Database connector initialized
2025-11-06 12:11:57,227 - pipeline - INFO - 
================================================================================
2025-11-06 12:11:57,227 - pipeline - INFO - STARTING DATA PREPARATION PIPELINE v2.0
2025-11-06 12:11:57,228 - pipeline - INFO - ================================================================================
2025-11-06 12:11:57,228 - pipeline - INFO - ======================================================================
DATA PREPARATION PIPELINE CONFIGURATION
======================================================================

Mill Number: 8
Date Range: 2025-09-01 to 2025-11-03

Features:
  MV: ['Ore', 'WaterMill', 'WaterZumpf']
  CV: ['DensityHC', 'PulpHC', 'PressureHC', 'CirculativeLoad']
  DV: ['Class_15', 'Daiki', 'FE', 'MotorAmp']
  Target: PSI200

Patterns (4 enabled):
  • mv (mv)
    Window: 60, Max: 20, Radius: 4.5
  • density (constraint)
    Window: 60, Max: 15, Radius: 4.5
    Stable: ['WaterZumpf']
    Varying: ['Ore', 'WaterMill']
  • inverse (constraint)
    Window: 60, Max: 10, Radius: 4.5
    Stable: ['Ore', 'WaterMill']
    Varying: ['WaterZumpf']
  • dynamic (constraint)
    Window: 60, Max: 10, Radius: 4.5
    Varying: ['Ore', 'WaterMill', 'WaterZumpf']

Output Paths:
  Output: C:\Projects\experiments\data_preparation\output
  Analysis: C:\Projects\experiments\data_preparation\output\analysis
  Plots: C:\Projects\experiments\data_preparation\output\plots
======================================================================
2025-11-06 12:11:57,228 - pipeline - INFO - 
--------------------------------------------------------------------------------
2025-11-06 12:11:57,228 - pipeline - INFO - STEP 1: LOADING AND PREPARING DATA
2025-11-06 12:11:57,229 - pipeline - INFO - --------------------------------------------------------------------------------
2025-11-06 12:11:57,229 - core.data_loader - INFO - Loading data for Mill 8
2025-11-06 12:11:57,229 - core.data_loader - INFO -   Date range: 2025-09-01 to 2025-11-03
2025-11-06 12:11:57,230 - core.data_loader - INFO -   Resample: 1min
2025-11-06 12:11:57,230 - core.data_loader - INFO -   Loading from cache: C:\Projects\experiments\data_preparation\output\initial_data.csv
2025-11-06 12:11:57,468 - core.data_loader - INFO -   ✓ Loaded 76009 rows from cache
2025-11-06 12:11:57,468 - core.data_loader - INFO -   ✓ All required columns present: 11 columns
2025-11-06 12:11:57,469 - core.data_loader - INFO - Filtering data...
2025-11-06 12:11:57,478 - core.data_loader - INFO -   ✓ Filtered: 76009 → 76009 rows (100.0% retained)
2025-11-06 12:11:57,480 - core.data_loader - INFO - Calculating circulative load...
2025-11-06 12:11:57,482 - core.data_loader - INFO -   ✓ Circulative load calculated
2025-11-06 12:11:57,482 - core.data_loader - INFO -   Valid range [0.5, 5.0]: 99.9% of data
2025-11-06 12:11:57,484 - core.data_loader - INFO -   Mean: 1.04, Std: 0.20
2025-11-06 12:11:58,663 - pipeline - INFO - ✓ Data ready: 76009 rows, 28 columns
2025-11-06 12:11:58,663 - pipeline - INFO - 
--------------------------------------------------------------------------------
2025-11-06 12:11:58,663 - pipeline - INFO - STEP 2: DISCOVERING PATTERNS
2025-11-06 12:11:58,664 - pipeline - INFO - --------------------------------------------------------------------------------
2025-11-06 12:11:58,664 - pipeline - INFO - Enabled patterns: 4
2025-11-06 12:11:58,664 - core.base_pattern - INFO - Initialized pattern: mv
2025-11-06 12:11:58,664 - patterns.mv_pattern - INFO -   Features: ['Ore', 'WaterMill', 'WaterZumpf']
2025-11-06 12:11:58,664 - patterns.mv_pattern - INFO -   Window: 60, Max motifs: 20, Radius: 4.5
2025-11-06 12:11:58,664 - patterns.mv_pattern - INFO - 
Discovering MV motifs: mv
2025-11-06 12:11:58,667 - patterns.mv_pattern - INFO -   Computing multivariate matrix profile...
2025-11-06 12:15:32,610 - patterns.mv_pattern - INFO -   ✓ Found 18 motifs with 229 instances
2025-11-06 12:15:32,611 - core.pattern_registry - INFO - Pattern 'mv': 18 motifs, 229 instances
2025-11-06 12:15:32,612 - core.base_pattern - INFO - Initialized pattern: density
2025-11-06 12:15:32,612 - patterns.constraint_pattern - INFO -   Stable features: ['WaterZumpf']
2025-11-06 12:15:32,612 - patterns.constraint_pattern - INFO -   Varying features: ['Ore', 'WaterMill']
2025-11-06 12:15:32,612 - patterns.constraint_pattern - INFO -   Window: 60, Max motifs: 15, Radius: 4.5
2025-11-06 12:15:32,612 - patterns.constraint_pattern - INFO - 
Discovering constraint motifs: density
2025-11-06 12:15:32,613 - patterns.constraint_pattern - INFO -   Computing multivariate matrix profile...
2025-11-06 12:16:45,779 - db.db_connector - INFO - Initializing database connection to s.lyubenov@em-m-db4.ellatzite-med.com:5432/em_pulse_data
2025-11-06 12:16:45,879 - db.db_connector - INFO - ✅ Database connection test successful
2025-11-06 12:16:45,879 - core.data_loader - INFO - ✅ Database connector initialized
2025-11-06 12:16:45,879 - pipeline - INFO - 
================================================================================
2025-11-06 12:16:45,879 - pipeline - INFO - STARTING DATA PREPARATION PIPELINE v2.0
2025-11-06 12:16:45,879 - pipeline - INFO - ================================================================================
2025-11-06 12:16:45,880 - pipeline - INFO - ======================================================================
DATA PREPARATION PIPELINE CONFIGURATION
======================================================================

Mill Number: 8
Date Range: 2025-09-01 to 2025-11-03

Features:
  MV: ['Ore', 'WaterMill', 'WaterZumpf']
  CV: ['DensityHC', 'PulpHC', 'PressureHC', 'CirculativeLoad']
  DV: ['Class_15', 'Daiki', 'FE', 'MotorAmp']
  Target: PSI200

Patterns (4 enabled):
  • mv (mv)
    Window: 60, Max: 20, Radius: 4.5
  • density (constraint)
    Window: 60, Max: 15, Radius: 4.5
    Stable: ['WaterZumpf']
    Varying: ['Ore', 'WaterMill']
  • inverse (constraint)
    Window: 60, Max: 10, Radius: 4.5
    Stable: ['Ore', 'WaterMill']
    Varying: ['WaterZumpf']
  • dynamic (constraint)
    Window: 60, Max: 10, Radius: 4.5
    Varying: ['Ore', 'WaterMill', 'WaterZumpf']

Output Paths:
  Output: C:\Projects\experiments\data_preparation\output
  Analysis: C:\Projects\experiments\data_preparation\output\analysis
  Plots: C:\Projects\experiments\data_preparation\output\plots
======================================================================
2025-11-06 12:16:45,880 - pipeline - INFO - 
--------------------------------------------------------------------------------
2025-11-06 12:16:45,880 - pipeline - INFO - STEP 1: LOADING AND PREPARING DATA
2025-11-06 12:16:45,880 - pipeline - INFO - --------------------------------------------------------------------------------
2025-11-06 12:16:45,880 - core.data_loader - INFO - Loading data for Mill 8
2025-11-06 12:16:45,880 - core.data_loader - INFO -   Date range: 2025-09-01 to 2025-11-03
2025-11-06 12:16:45,880 - core.data_loader - INFO -   Resample: 1min
2025-11-06 12:16:45,882 - core.data_loader - INFO -   Loading from cache: C:\Projects\experiments\data_preparation\output\initial_data.csv
2025-11-06 12:16:46,222 - core.data_loader - INFO -   ✓ Loaded 76009 rows from cache
2025-11-06 12:16:46,223 - core.data_loader - INFO -   ✓ All required columns present: 11 columns
2025-11-06 12:16:46,223 - core.data_loader - INFO - Filtering data...
2025-11-06 12:16:46,234 - core.data_loader - INFO -   ✓ Filtered: 76009 → 76009 rows (100.0% retained)
2025-11-06 12:16:46,235 - core.data_loader - INFO - Calculating circulative load...
2025-11-06 12:16:46,238 - core.data_loader - INFO -   ✓ Circulative load calculated
2025-11-06 12:16:46,239 - core.data_loader - INFO -   Valid range [0.5, 5.0]: 99.9% of data
2025-11-06 12:16:46,239 - core.data_loader - INFO -   Mean: 1.04, Std: 0.20
2025-11-06 12:16:48,278 - pipeline - INFO - ✓ Data ready: 76009 rows, 28 columns
2025-11-06 12:16:48,279 - pipeline - INFO - 
--------------------------------------------------------------------------------
2025-11-06 12:16:48,279 - pipeline - INFO - STEP 2: DISCOVERING PATTERNS
2025-11-06 12:16:48,279 - pipeline - INFO - --------------------------------------------------------------------------------
2025-11-06 12:16:48,279 - pipeline - INFO - Enabled patterns: 4
2025-11-06 12:16:48,279 - core.base_pattern - INFO - Initialized pattern: mv
2025-11-06 12:16:48,280 - patterns.mv_pattern - INFO -   Features: ['Ore', 'WaterMill', 'WaterZumpf']
2025-11-06 12:16:48,280 - patterns.mv_pattern - INFO -   Window: 60, Max motifs: 20, Radius: 4.5
2025-11-06 12:16:48,280 - patterns.mv_pattern - INFO - 
Discovering MV motifs: mv
2025-11-06 12:16:48,283 - patterns.mv_pattern - INFO -   Computing multivariate matrix profile...
2025-11-06 12:20:41,142 - patterns.mv_pattern - INFO -   ✓ Found 18 motifs with 229 instances
2025-11-06 12:20:41,143 - core.pattern_registry - INFO - Pattern 'mv': 18 motifs, 229 instances
2025-11-06 12:20:41,143 - core.base_pattern - INFO - Initialized pattern: density
2025-11-06 12:20:41,143 - patterns.constraint_pattern - INFO -   Stable features: ['WaterZumpf']
2025-11-06 12:20:41,143 - patterns.constraint_pattern - INFO -   Varying features: ['Ore', 'WaterMill']
2025-11-06 12:20:41,144 - patterns.constraint_pattern - INFO -   Window: 60, Max motifs: 15, Radius: 4.5
2025-11-06 12:20:41,144 - patterns.constraint_pattern - INFO - 
Discovering constraint motifs: density
2025-11-06 12:20:41,145 - patterns.constraint_pattern - INFO -   Computing multivariate matrix profile...
2025-11-06 12:22:02,162 - patterns.constraint_pattern - INFO -   ✓ Found 12 motifs with 48 instances
2025-11-06 12:22:02,163 - core.pattern_registry - INFO - Pattern 'density': 12 motifs, 48 instances
2025-11-06 12:22:02,163 - core.base_pattern - INFO - Initialized pattern: inverse
2025-11-06 12:22:02,163 - patterns.constraint_pattern - INFO -   Stable features: ['Ore', 'WaterMill']
2025-11-06 12:22:02,164 - patterns.constraint_pattern - INFO -   Varying features: ['WaterZumpf']
2025-11-06 12:22:02,164 - patterns.constraint_pattern - INFO -   Window: 60, Max motifs: 10, Radius: 4.5
2025-11-06 12:22:02,164 - patterns.constraint_pattern - INFO - 
Discovering constraint motifs: inverse
2025-11-06 12:22:02,166 - patterns.constraint_pattern - INFO -   Computing multivariate matrix profile...
2025-11-06 12:26:30,624 - patterns.constraint_pattern - INFO -   ✓ Found 12 motifs with 48 instances
2025-11-06 12:26:30,625 - core.pattern_registry - INFO - Pattern 'density': 12 motifs, 48 instances
2025-11-06 12:26:30,626 - core.base_pattern - INFO - Initialized pattern: inverse
2025-11-06 12:26:30,626 - patterns.constraint_pattern - INFO -   Stable features: ['Ore', 'WaterMill']
2025-11-06 12:26:30,626 - patterns.constraint_pattern - INFO -   Varying features: ['WaterZumpf']
2025-11-06 12:26:30,626 - patterns.constraint_pattern - INFO -   Window: 60, Max motifs: 10, Radius: 4.5
2025-11-06 12:26:30,626 - patterns.constraint_pattern - INFO - 
Discovering constraint motifs: inverse
2025-11-06 12:26:30,627 - patterns.constraint_pattern - INFO -   Computing multivariate matrix profile...
2025-11-06 12:26:50,782 - patterns.constraint_pattern - INFO -   ✓ Found 10 motifs with 132 instances
2025-11-06 12:26:50,783 - core.pattern_registry - INFO - Pattern 'inverse': 10 motifs, 132 instances
2025-11-06 12:26:50,783 - core.base_pattern - INFO - Initialized pattern: dynamic
2025-11-06 12:26:50,783 - patterns.constraint_pattern - INFO -   Stable features: []
2025-11-06 12:26:50,783 - patterns.constraint_pattern - INFO -   Varying features: ['Ore', 'WaterMill', 'WaterZumpf']
2025-11-06 12:26:50,784 - patterns.constraint_pattern - INFO -   Window: 60, Max motifs: 10, Radius: 4.5
2025-11-06 12:26:50,784 - patterns.constraint_pattern - INFO - 
Discovering constraint motifs: dynamic
2025-11-06 12:26:50,786 - patterns.constraint_pattern - INFO -   Computing multivariate matrix profile...
2025-11-06 12:31:41,079 - patterns.constraint_pattern - INFO -   ✓ Found 10 motifs with 132 instances
2025-11-06 12:31:41,080 - core.pattern_registry - INFO - Pattern 'inverse': 10 motifs, 132 instances
2025-11-06 12:31:41,080 - core.base_pattern - INFO - Initialized pattern: dynamic
2025-11-06 12:31:41,080 - patterns.constraint_pattern - INFO -   Stable features: []
2025-11-06 12:31:41,080 - patterns.constraint_pattern - INFO -   Varying features: ['Ore', 'WaterMill', 'WaterZumpf']
2025-11-06 12:31:41,080 - patterns.constraint_pattern - INFO -   Window: 60, Max motifs: 10, Radius: 4.5
2025-11-06 12:31:41,080 - patterns.constraint_pattern - INFO - 
Discovering constraint motifs: dynamic
2025-11-06 12:31:41,082 - patterns.constraint_pattern - INFO -   Computing multivariate matrix profile...
2025-11-06 12:31:57,612 - patterns.constraint_pattern - INFO -   ✓ Found 10 motifs with 152 instances
2025-11-06 12:31:57,614 - core.pattern_registry - INFO - Pattern 'dynamic': 10 motifs, 152 instances
2025-11-06 12:31:57,614 - pipeline - INFO - 
✓ Pattern discovery complete:
2025-11-06 12:31:57,614 - pipeline - INFO -   Total motifs: 50
2025-11-06 12:31:57,614 - pipeline - INFO -   Total instances: 561
2025-11-06 12:31:57,614 - pipeline - INFO -   mv: 18 motifs, 229 instances
2025-11-06 12:31:57,614 - pipeline - INFO -   density: 12 motifs, 48 instances
2025-11-06 12:31:57,614 - pipeline - INFO -   inverse: 10 motifs, 132 instances
2025-11-06 12:31:57,616 - pipeline - INFO -   dynamic: 10 motifs, 152 instances
2025-11-06 12:31:57,616 - pipeline - INFO - 
--------------------------------------------------------------------------------
2025-11-06 12:31:57,616 - pipeline - INFO - STEP 3: ANALYZING PATTERNS
2025-11-06 12:31:57,616 - pipeline - INFO - --------------------------------------------------------------------------------
2025-11-06 12:31:57,616 - pipeline - INFO - 
Analyzing pattern: mv
2025-11-06 12:31:57,616 - analysis.analyzer - INFO - Analyzing density behavior for 18 motifs...
2025-11-06 12:31:57,617 - analysis.analyzer - INFO -   ✓ Analyzed 0 instances
2025-11-06 12:31:57,617 - analysis.analyzer - WARNING - No analyses to save for pattern 'mv'
2025-11-06 12:31:57,618 - pipeline - INFO - 
Analyzing pattern: density
2025-11-06 12:31:57,618 - analysis.analyzer - INFO - Analyzing density behavior for 12 motifs...
2025-11-06 12:31:57,795 - analysis.analyzer - INFO -   ✓ Analyzed 48 instances
2025-11-06 12:31:57,799 - analysis.analyzer - INFO -   ✓ Saved analysis to density_analysis.csv
2025-11-06 12:31:57,799 - pipeline - INFO - 
Analyzing pattern: inverse
2025-11-06 12:31:57,800 - analysis.analyzer - INFO - Analyzing density behavior for 10 motifs...
2025-11-06 12:31:58,251 - analysis.analyzer - INFO -   ✓ Analyzed 132 instances
2025-11-06 12:31:58,255 - analysis.analyzer - INFO -   ✓ Saved analysis to inverse_analysis.csv
2025-11-06 12:31:58,256 - pipeline - INFO - 
Analyzing pattern: dynamic
2025-11-06 12:31:58,256 - analysis.analyzer - INFO - Analyzing density behavior for 10 motifs...
2025-11-06 12:31:58,809 - analysis.analyzer - INFO -   ✓ Analyzed 152 instances
2025-11-06 12:31:58,819 - analysis.analyzer - INFO -   ✓ Saved analysis to dynamic_analysis.csv
2025-11-06 12:31:58,819 - pipeline - INFO - 
✓ Pattern analysis complete
2025-11-06 12:31:58,819 - pipeline - INFO - 
--------------------------------------------------------------------------------
2025-11-06 12:31:58,819 - pipeline - INFO - STEP 4: CREATING SEGMENTED DATASETS
2025-11-06 12:31:58,819 - pipeline - INFO - --------------------------------------------------------------------------------
2025-11-06 12:31:58,819 - pipeline - INFO - 
Creating MV-only dataset (18 motifs)...
2025-11-06 12:31:58,820 - core.segmentation - INFO - Creating segmented dataset from motifs...
2025-11-06 12:31:59,021 - core.segmentation - INFO -   ✓ Created segmented dataset:
2025-11-06 12:31:59,022 - core.segmentation - INFO -     - Total segments: 229
2025-11-06 12:31:59,022 - core.segmentation - INFO -     - Total rows: 13740
2025-11-06 12:31:59,023 - core.segmentation - INFO -     - Unique motifs: 18
2025-11-06 12:31:59,353 - pipeline - INFO -   ✓ Saved: segmented_motifsMV_08.csv (13740 rows)
2025-11-06 12:31:59,353 - pipeline - INFO - 
Creating combined dataset (all patterns)...
2025-11-06 12:31:59,354 - core.segmentation - INFO - Merging motif collections...
2025-11-06 12:31:59,354 - core.segmentation - INFO -   mv: 18 motifs
2025-11-06 12:31:59,354 - core.segmentation - INFO -   density: 12 motifs
2025-11-06 12:31:59,354 - core.segmentation - INFO -   inverse: 10 motifs
2025-11-06 12:31:59,354 - core.segmentation - INFO -   dynamic: 10 motifs
2025-11-06 12:31:59,354 - core.segmentation - INFO -   ✓ Reassigned motif IDs sequentially
2025-11-06 12:31:59,354 - core.segmentation - INFO -   ✓ Total merged motifs: 50
2025-11-06 12:31:59,354 - core.segmentation - INFO - Creating segmented dataset from motifs...
2025-11-06 12:31:59,998 - core.segmentation - INFO -   ✓ Created segmented dataset:
2025-11-06 12:31:59,999 - core.segmentation - INFO -     - Total segments: 561
2025-11-06 12:31:59,999 - core.segmentation - INFO -     - Total rows: 33660
2025-11-06 12:31:59,999 - core.segmentation - INFO -     - Unique motifs: 50
2025-11-06 12:32:00,852 - pipeline - INFO -   ✓ Saved: segmented_motifs_all_08.csv (33660 rows)
2025-11-06 12:32:00,852 - core.segmentation - INFO - Extracting motif summaries...
2025-11-06 12:32:00,894 - core.segmentation - INFO -   ✓ Created summary for 50 motifs
2025-11-06 12:32:00,897 - pipeline - INFO -   ✓ Saved: motif_summary.csv
2025-11-06 12:32:00,897 - core.segmentation - INFO - Creating instance catalog...
2025-11-06 12:32:00,904 - core.segmentation - INFO -   ✓ Cataloged 561 instances
2025-11-06 12:32:00,910 - pipeline - INFO -   ✓ Saved: instance_catalog.csv
2025-11-06 12:32:00,910 - core.segmentation - INFO - Calculating segment statistics...
2025-11-06 12:32:00,988 - core.segmentation - INFO -   ✓ Calculated statistics for 50 motifs
2025-11-06 12:32:00,992 - pipeline - INFO -   ✓ Saved: segment_statistics.csv
2025-11-06 12:32:00,992 - pipeline - INFO - 
✓ Segmented datasets created
2025-11-06 12:32:00,992 - pipeline - INFO - 
--------------------------------------------------------------------------------
2025-11-06 12:32:00,993 - pipeline - INFO - STEP 5: CREATING VISUALIZATIONS
2025-11-06 12:32:00,993 - pipeline - INFO - --------------------------------------------------------------------------------
2025-11-06 12:32:00,994 - analysis.visualizer - INFO - Creating motif overview plot...
2025-11-06 12:32:02,626 - analysis.visualizer - INFO -   ✓ Saved overview plot to motif_overview.png
2025-11-06 12:32:02,627 - pipeline - INFO - 
Creating plots for pattern: mv
2025-11-06 12:32:02,627 - analysis.analyzer - INFO - Analyzing density behavior for 18 motifs...
2025-11-06 12:32:02,627 - analysis.analyzer - INFO -   ✓ Analyzed 0 instances
2025-11-06 12:32:02,627 - analysis.visualizer - INFO - Plotting top 5 individual motifs...
2025-11-06 12:32:05,207 - analysis.visualizer - INFO -   ✓ Saved 5 motif plots to mv/
2025-11-06 12:32:05,208 - pipeline - INFO - 
Creating plots for pattern: density
2025-11-06 12:32:05,208 - analysis.analyzer - INFO - Analyzing density behavior for 12 motifs...
2025-11-06 12:32:05,380 - analysis.analyzer - INFO -   ✓ Analyzed 48 instances
2025-11-06 12:32:05,381 - analysis.visualizer - INFO - Creating density analysis plot for density...
2025-11-06 12:32:06,111 - analysis.visualizer - INFO -   ✓ Saved density analysis plot to density_analysis.png
2025-11-06 12:32:06,111 - analysis.visualizer - INFO - Plotting top 5 individual motifs...
2025-11-06 12:32:08,409 - analysis.visualizer - INFO -   ✓ Saved 5 motif plots to density/
2025-11-06 12:32:08,409 - pipeline - INFO - 
Creating plots for pattern: inverse
2025-11-06 12:32:08,409 - analysis.analyzer - INFO - Analyzing density behavior for 10 motifs...
2025-11-06 12:32:08,868 - analysis.analyzer - INFO -   ✓ Analyzed 132 instances
2025-11-06 12:32:08,869 - analysis.visualizer - INFO - Creating density analysis plot for inverse...
2025-11-06 12:32:09,789 - analysis.visualizer - INFO -   ✓ Saved density analysis plot to inverse_analysis.png
2025-11-06 12:32:09,789 - analysis.visualizer - INFO - Plotting top 5 individual motifs...
2025-11-06 12:32:12,228 - analysis.visualizer - INFO -   ✓ Saved 5 motif plots to inverse/
2025-11-06 12:32:12,228 - pipeline - INFO - 
Creating plots for pattern: dynamic
2025-11-06 12:32:12,228 - analysis.analyzer - INFO - Analyzing density behavior for 10 motifs...
2025-11-06 12:32:12,757 - analysis.analyzer - INFO -   ✓ Analyzed 152 instances
2025-11-06 12:32:12,757 - analysis.visualizer - INFO - Creating density analysis plot for dynamic...
2025-11-06 12:32:13,525 - analysis.visualizer - INFO -   ✓ Saved density analysis plot to dynamic_analysis.png
2025-11-06 12:32:13,525 - analysis.visualizer - INFO - Plotting top 5 individual motifs...
2025-11-06 12:32:16,251 - analysis.visualizer - INFO -   ✓ Saved 5 motif plots to dynamic/
2025-11-06 12:32:16,251 - analysis.visualizer - INFO - Creating correlation heatmap...
2025-11-06 12:32:16,656 - analysis.visualizer - INFO -   ✓ Saved correlation heatmap to correlation_heatmap.png
2025-11-06 12:32:16,656 - analysis.visualizer - INFO - Creating feature distribution plots...
2025-11-06 12:32:18,198 - analysis.visualizer - INFO -   ✓ Saved feature distributions to feature_distributions.png
2025-11-06 12:32:18,198 - analysis.analyzer - INFO - Analyzing density behavior for 18 motifs...
2025-11-06 12:32:18,198 - analysis.analyzer - INFO -   ✓ Analyzed 0 instances
2025-11-06 12:32:18,198 - analysis.analyzer - INFO - Analyzing density behavior for 12 motifs...
2025-11-06 12:32:18,373 - analysis.analyzer - INFO -   ✓ Analyzed 48 instances
2025-11-06 12:32:18,373 - analysis.analyzer - INFO - Analyzing density behavior for 10 motifs...
2025-11-06 12:32:18,828 - analysis.analyzer - INFO -   ✓ Analyzed 132 instances
2025-11-06 12:32:18,829 - analysis.analyzer - INFO - Analyzing density behavior for 10 motifs...
2025-11-06 12:32:19,351 - analysis.analyzer - INFO -   ✓ Analyzed 152 instances
2025-11-06 12:32:19,351 - analysis.analyzer - INFO - Generating summary report...
2025-11-06 12:32:19,356 - analysis.analyzer - INFO -   ✓ Summary report saved to summary_report.txt
2025-11-06 12:32:19,356 - pipeline - INFO - 
✓ Visualizations saved to C:\Projects\experiments\data_preparation\output\plots\mill_8
2025-11-06 12:32:19,356 - pipeline - INFO - 
================================================================================
2025-11-06 12:32:19,357 - pipeline - INFO - DATA PREPARATION COMPLETE
2025-11-06 12:32:19,357 - pipeline - INFO - ================================================================================
2025-11-06 12:32:19,357 - pipeline - INFO - Output directory: C:\Projects\experiments\data_preparation\output
2025-11-06 12:32:19,357 - pipeline - INFO - Analysis directory: C:\Projects\experiments\data_preparation\output\analysis
2025-11-06 12:32:19,357 - pipeline - INFO - Plots directory: C:\Projects\experiments\data_preparation\output\plots
2025-11-06 12:32:19,357 - __main__ - INFO - 
✓ Data preparation pipeline completed successfully!
2025-11-06 12:36:08,431 - patterns.constraint_pattern - INFO -   ✓ Found 10 motifs with 152 instances
2025-11-06 12:36:08,432 - core.pattern_registry - INFO - Pattern 'dynamic': 10 motifs, 152 instances
2025-11-06 12:36:08,432 - pipeline - INFO - 
✓ Pattern discovery complete:
2025-11-06 12:36:08,432 - pipeline - INFO -   Total motifs: 50
2025-11-06 12:36:08,432 - pipeline - INFO -   Total instances: 561
2025-11-06 12:36:08,432 - pipeline - INFO -   mv: 18 motifs, 229 instances
2025-11-06 12:36:08,432 - pipeline - INFO -   density: 12 motifs, 48 instances
2025-11-06 12:36:08,432 - pipeline - INFO -   inverse: 10 motifs, 132 instances
2025-11-06 12:36:08,432 - pipeline - INFO -   dynamic: 10 motifs, 152 instances
2025-11-06 12:36:08,434 - pipeline - INFO - 
--------------------------------------------------------------------------------
2025-11-06 12:36:08,434 - pipeline - INFO - STEP 3: ANALYZING PATTERNS
2025-11-06 12:36:08,434 - pipeline - INFO - --------------------------------------------------------------------------------
2025-11-06 12:36:08,434 - pipeline - INFO - 
Analyzing pattern: mv
2025-11-06 12:36:08,434 - analysis.analyzer - INFO - Analyzing density behavior for 18 motifs...
2025-11-06 12:36:08,434 - analysis.analyzer - INFO -   ✓ Analyzed 0 instances
2025-11-06 12:36:08,434 - analysis.analyzer - WARNING - No analyses to save for pattern 'mv'
2025-11-06 12:36:08,434 - pipeline - INFO - 
Analyzing pattern: density
2025-11-06 12:36:08,434 - analysis.analyzer - INFO - Analyzing density behavior for 12 motifs...
2025-11-06 12:36:08,571 - analysis.analyzer - INFO -   ✓ Analyzed 48 instances
2025-11-06 12:36:08,573 - analysis.analyzer - INFO -   ✓ Saved analysis to density_analysis.csv
2025-11-06 12:36:08,574 - pipeline - INFO - 
Analyzing pattern: inverse
2025-11-06 12:36:08,574 - analysis.analyzer - INFO - Analyzing density behavior for 10 motifs...
2025-11-06 12:36:08,990 - analysis.analyzer - INFO -   ✓ Analyzed 132 instances
2025-11-06 12:36:08,995 - analysis.analyzer - INFO -   ✓ Saved analysis to inverse_analysis.csv
2025-11-06 12:36:08,995 - pipeline - INFO - 
Analyzing pattern: dynamic
2025-11-06 12:36:08,995 - analysis.analyzer - INFO - Analyzing density behavior for 10 motifs...
2025-11-06 12:36:09,448 - analysis.analyzer - INFO -   ✓ Analyzed 152 instances
2025-11-06 12:36:09,452 - analysis.analyzer - INFO -   ✓ Saved analysis to dynamic_analysis.csv
2025-11-06 12:36:09,452 - pipeline - INFO - 
✓ Pattern analysis complete
2025-11-06 12:36:09,453 - pipeline - INFO - 
--------------------------------------------------------------------------------
2025-11-06 12:36:09,453 - pipeline - INFO - STEP 4: CREATING SEGMENTED DATASETS
2025-11-06 12:36:09,453 - pipeline - INFO - --------------------------------------------------------------------------------
2025-11-06 12:36:09,453 - pipeline - INFO - 
Creating MV-only dataset (18 motifs)...
2025-11-06 12:36:09,453 - core.segmentation - INFO - Creating segmented dataset from motifs...
2025-11-06 12:36:09,599 - core.segmentation - INFO -   ✓ Created segmented dataset:
2025-11-06 12:36:09,600 - core.segmentation - INFO -     - Total segments: 229
2025-11-06 12:36:09,600 - core.segmentation - INFO -     - Total rows: 13740
2025-11-06 12:36:09,600 - core.segmentation - INFO -     - Unique motifs: 18
2025-11-06 12:36:09,800 - pipeline - INFO -   ✓ Saved: segmented_motifsMV_08.csv (13740 rows)
2025-11-06 12:36:09,800 - pipeline - INFO - 
Creating combined dataset (all patterns)...
2025-11-06 12:36:09,800 - core.segmentation - INFO - Merging motif collections...
2025-11-06 12:36:09,802 - core.segmentation - INFO -   mv: 18 motifs
2025-11-06 12:36:09,802 - core.segmentation - INFO -   density: 12 motifs
2025-11-06 12:36:09,802 - core.segmentation - INFO -   inverse: 10 motifs
2025-11-06 12:36:09,803 - core.segmentation - INFO -   dynamic: 10 motifs
2025-11-06 12:36:09,803 - core.segmentation - INFO -   ✓ Reassigned motif IDs sequentially
2025-11-06 12:36:09,803 - core.segmentation - INFO -   ✓ Total merged motifs: 50
2025-11-06 12:36:09,803 - core.segmentation - INFO - Creating segmented dataset from motifs...
2025-11-06 12:36:10,238 - core.segmentation - INFO -   ✓ Created segmented dataset:
2025-11-06 12:36:10,238 - core.segmentation - INFO -     - Total segments: 561
2025-11-06 12:36:10,238 - core.segmentation - INFO -     - Total rows: 33660
2025-11-06 12:36:10,240 - core.segmentation - INFO -     - Unique motifs: 50
2025-11-06 12:36:10,733 - pipeline - INFO -   ✓ Saved: segmented_motifs_all_08.csv (33660 rows)
2025-11-06 12:36:10,734 - core.segmentation - INFO - Extracting motif summaries...
2025-11-06 12:36:10,760 - core.segmentation - INFO -   ✓ Created summary for 50 motifs
2025-11-06 12:36:10,763 - pipeline - INFO -   ✓ Saved: motif_summary.csv
2025-11-06 12:36:10,763 - core.segmentation - INFO - Creating instance catalog...
2025-11-06 12:36:10,768 - core.segmentation - INFO -   ✓ Cataloged 561 instances
2025-11-06 12:36:10,771 - pipeline - INFO -   ✓ Saved: instance_catalog.csv
2025-11-06 12:36:10,772 - core.segmentation - INFO - Calculating segment statistics...
2025-11-06 12:36:10,824 - core.segmentation - INFO -   ✓ Calculated statistics for 50 motifs
2025-11-06 12:36:10,827 - pipeline - INFO -   ✓ Saved: segment_statistics.csv
2025-11-06 12:36:10,827 - pipeline - INFO - 
✓ Segmented datasets created
2025-11-06 12:36:10,828 - pipeline - INFO - 
--------------------------------------------------------------------------------
2025-11-06 12:36:10,828 - pipeline - INFO - STEP 5: CREATING VISUALIZATIONS
2025-11-06 12:36:10,828 - pipeline - INFO - --------------------------------------------------------------------------------
2025-11-06 12:36:10,828 - analysis.visualizer - INFO - Creating motif overview plot...
2025-11-06 12:36:11,715 - analysis.visualizer - INFO -   ✓ Saved overview plot to motif_overview.png
2025-11-06 12:36:11,715 - pipeline - INFO - 
Creating plots for pattern: mv
2025-11-06 12:36:11,715 - analysis.analyzer - INFO - Analyzing density behavior for 18 motifs...
2025-11-06 12:36:11,715 - analysis.analyzer - INFO -   ✓ Analyzed 0 instances
2025-11-06 12:36:11,716 - analysis.visualizer - INFO - Plotting top 5 individual motifs...
2025-11-06 12:36:13,538 - analysis.visualizer - INFO -   ✓ Saved 5 motif plots to mv/
2025-11-06 12:36:13,538 - pipeline - INFO - 
Creating plots for pattern: density
2025-11-06 12:36:13,538 - analysis.analyzer - INFO - Analyzing density behavior for 12 motifs...
2025-11-06 12:36:13,678 - analysis.analyzer - INFO -   ✓ Analyzed 48 instances
2025-11-06 12:36:13,678 - analysis.visualizer - INFO - Creating density analysis plot for density...
2025-11-06 12:36:14,190 - analysis.visualizer - INFO -   ✓ Saved density analysis plot to density_analysis.png
2025-11-06 12:36:14,190 - analysis.visualizer - INFO - Plotting top 5 individual motifs...
2025-11-06 12:36:15,822 - analysis.visualizer - INFO -   ✓ Saved 5 motif plots to density/
2025-11-06 12:36:15,822 - pipeline - INFO - 
Creating plots for pattern: inverse
2025-11-06 12:36:15,823 - analysis.analyzer - INFO - Analyzing density behavior for 10 motifs...
2025-11-06 12:36:16,248 - analysis.analyzer - INFO -   ✓ Analyzed 132 instances
2025-11-06 12:36:16,250 - analysis.visualizer - INFO - Creating density analysis plot for inverse...
2025-11-06 12:36:16,890 - analysis.visualizer - INFO -   ✓ Saved density analysis plot to inverse_analysis.png
2025-11-06 12:36:16,890 - analysis.visualizer - INFO - Plotting top 5 individual motifs...
2025-11-06 12:36:18,614 - analysis.visualizer - INFO -   ✓ Saved 5 motif plots to inverse/
2025-11-06 12:36:18,614 - pipeline - INFO - 
Creating plots for pattern: dynamic
2025-11-06 12:36:18,614 - analysis.analyzer - INFO - Analyzing density behavior for 10 motifs...
2025-11-06 12:36:19,087 - analysis.analyzer - INFO -   ✓ Analyzed 152 instances
2025-11-06 12:36:19,087 - analysis.visualizer - INFO - Creating density analysis plot for dynamic...
2025-11-06 12:36:19,625 - analysis.visualizer - INFO -   ✓ Saved density analysis plot to dynamic_analysis.png
2025-11-06 12:36:19,625 - analysis.visualizer - INFO - Plotting top 5 individual motifs...
2025-11-06 12:36:21,595 - analysis.visualizer - INFO -   ✓ Saved 5 motif plots to dynamic/
2025-11-06 12:36:21,595 - analysis.visualizer - INFO - Creating correlation heatmap...
2025-11-06 12:36:21,879 - analysis.visualizer - INFO -   ✓ Saved correlation heatmap to correlation_heatmap.png
2025-11-06 12:36:21,879 - analysis.visualizer - INFO - Creating feature distribution plots...
2025-11-06 12:36:22,994 - analysis.visualizer - INFO -   ✓ Saved feature distributions to feature_distributions.png
2025-11-06 12:36:22,994 - analysis.analyzer - INFO - Analyzing density behavior for 18 motifs...
2025-11-06 12:36:22,994 - analysis.analyzer - INFO -   ✓ Analyzed 0 instances
2025-11-06 12:36:22,995 - analysis.analyzer - INFO - Analyzing density behavior for 12 motifs...
2025-11-06 12:36:23,132 - analysis.analyzer - INFO -   ✓ Analyzed 48 instances
2025-11-06 12:36:23,132 - analysis.analyzer - INFO - Analyzing density behavior for 10 motifs...
2025-11-06 12:36:23,527 - analysis.analyzer - INFO -   ✓ Analyzed 132 instances
2025-11-06 12:36:23,527 - analysis.analyzer - INFO - Analyzing density behavior for 10 motifs...
2025-11-06 12:36:23,995 - analysis.analyzer - INFO -   ✓ Analyzed 152 instances
2025-11-06 12:36:23,995 - analysis.analyzer - INFO - Generating summary report...
2025-11-06 12:36:23,999 - analysis.analyzer - INFO -   ✓ Summary report saved to summary_report.txt
2025-11-06 12:36:23,999 - pipeline - INFO - 
✓ Visualizations saved to C:\Projects\experiments\data_preparation\output\plots\mill_8
2025-11-06 12:36:23,999 - pipeline - INFO - 
================================================================================
2025-11-06 12:36:23,999 - pipeline - INFO - DATA PREPARATION COMPLETE
2025-11-06 12:36:23,999 - pipeline - INFO - ================================================================================
2025-11-06 12:36:23,999 - pipeline - INFO - Output directory: C:\Projects\experiments\data_preparation\output
2025-11-06 12:36:24,001 - pipeline - INFO - Analysis directory: C:\Projects\experiments\data_preparation\output\analysis
2025-11-06 12:36:24,001 - pipeline - INFO - Plots directory: C:\Projects\experiments\data_preparation\output\plots
2025-11-06 12:36:24,001 - __main__ - INFO - 
✓ Data preparation pipeline completed successfully!
2025-11-10 10:32:34,557 - db.db_connector - INFO - Initializing database connection to s.lyubenov@em-m-db4.ellatzite-med.com:5432/em_pulse_data
2025-11-10 10:32:34,693 - db.db_connector - INFO - ✅ Database connection test successful
2025-11-10 10:32:34,693 - core.data_loader - INFO - ✅ Database connector initialized
2025-11-10 10:32:34,693 - pipeline - INFO - 
================================================================================
2025-11-10 10:32:34,694 - pipeline - INFO - STARTING DATA PREPARATION PIPELINE v2.0
2025-11-10 10:32:34,694 - pipeline - INFO - ================================================================================
2025-11-10 10:32:34,695 - pipeline - INFO - ======================================================================
DATA PREPARATION PIPELINE CONFIGURATION
======================================================================

Mill Number: 8
Date Range: 2025-10-01 to 2025-11-09

Features:
  MV: ['Ore', 'WaterMill', 'WaterZumpf']
  CV: ['DensityHC', 'PulpHC', 'PressureHC', 'CirculativeLoad']
  DV: ['Class_15', 'Daiki', 'FE', 'MotorAmp']
  Target: PSI200

Patterns (5 enabled):
  • mv (mv)
    Window: 60, Max: 20, Radius: 4.5
  • density (constraint)
    Window: 60, Max: 15, Radius: 4.5
    Stable: ['WaterZumpf']
    Varying: ['Ore', 'WaterMill']
  • inverse (constraint)
    Window: 60, Max: 10, Radius: 4.5
    Stable: ['Ore', 'WaterMill']
    Varying: ['WaterZumpf']
  • dynamic (constraint)
    Window: 60, Max: 10, Radius: 4.5
    Varying: ['Ore', 'WaterMill', 'WaterZumpf']
  • steady_state (constraint)
    Window: 90, Max: 15, Radius: 5.0
    Stable: ['Ore', 'WaterMill', 'WaterZumpf', 'PSI200']

Output Options:
  Save MV only: True
  Save combined: True
  Save to database: True
  Use database: True

Output Paths:
  Output: C:\Projects\experiments\data_preparation\output
  Analysis: C:\Projects\experiments\data_preparation\output\analysis
  Plots: C:\Projects\experiments\data_preparation\output\plots
======================================================================
2025-11-10 10:32:34,695 - pipeline - INFO - 
--------------------------------------------------------------------------------
2025-11-10 10:32:34,695 - pipeline - INFO - STEP 1: LOADING AND PREPARING DATA
2025-11-10 10:32:34,695 - pipeline - INFO - --------------------------------------------------------------------------------
2025-11-10 10:32:34,695 - core.data_loader - INFO - Loading data for Mill 8
2025-11-10 10:32:34,695 - core.data_loader - INFO -   Date range: 2025-10-01 to 2025-11-09
2025-11-10 10:32:34,696 - core.data_loader - INFO -   Resample: 1min
2025-11-10 10:32:34,696 - core.data_loader - INFO -   Loading from cache: C:\Projects\experiments\data_preparation\output\initial_data.csv
2025-11-10 10:32:34,826 - core.data_loader - INFO -   ✓ Loaded 36115 rows from cache
2025-11-10 10:32:34,827 - core.data_loader - INFO -   ✓ All required columns present: 11 columns
2025-11-10 10:32:34,828 - core.data_loader - INFO - Filtering data...
2025-11-10 10:32:34,835 - core.data_loader - INFO -   ✓ Filtered: 36115 → 36115 rows (100.0% retained)
2025-11-10 10:32:34,835 - core.data_loader - INFO - Calculating circulative load...
2025-11-10 10:32:34,838 - core.data_loader - INFO -   ✓ Circulative load calculated
2025-11-10 10:32:34,838 - core.data_loader - INFO -   Valid range [0.5, 5.0]: 99.8% of data
2025-11-10 10:32:34,838 - core.data_loader - INFO -   Mean: 0.92, Std: 0.20
2025-11-10 10:32:35,462 - pipeline - INFO - ✓ Data ready: 36115 rows, 28 columns
2025-11-10 10:32:35,463 - pipeline - INFO - 
--------------------------------------------------------------------------------
2025-11-10 10:32:35,463 - pipeline - INFO - STEP 2: DISCOVERING PATTERNS
2025-11-10 10:32:35,463 - pipeline - INFO - --------------------------------------------------------------------------------
2025-11-10 10:32:35,463 - pipeline - INFO - Enabled patterns: 5
2025-11-10 10:32:35,463 - core.base_pattern - INFO - Initialized pattern: mv
2025-11-10 10:32:35,463 - patterns.mv_pattern - INFO -   Features: ['Ore', 'WaterMill', 'WaterZumpf']
2025-11-10 10:32:35,464 - patterns.mv_pattern - INFO -   Window: 60, Max motifs: 20, Radius: 4.5
2025-11-10 10:32:35,465 - patterns.mv_pattern - INFO - 
Discovering MV motifs: mv
2025-11-10 10:32:35,466 - patterns.mv_pattern - INFO -   Computing multivariate matrix profile...
2025-11-10 10:33:28,557 - patterns.mv_pattern - INFO -   ✓ Found 19 motifs with 128 instances
2025-11-10 10:33:28,558 - core.pattern_registry - INFO - Pattern 'mv': 19 motifs, 128 instances
2025-11-10 10:33:28,558 - core.base_pattern - INFO - Initialized pattern: density
2025-11-10 10:33:28,558 - patterns.constraint_pattern - INFO -   Stable features: ['WaterZumpf']
2025-11-10 10:33:28,558 - patterns.constraint_pattern - INFO -   Varying features: ['Ore', 'WaterMill']
2025-11-10 10:33:28,558 - patterns.constraint_pattern - INFO -   Window: 60, Max motifs: 15, Radius: 4.5
2025-11-10 10:33:28,558 - patterns.constraint_pattern - INFO - 
Discovering constraint motifs: density
2025-11-10 10:33:28,560 - patterns.constraint_pattern - INFO -   Computing multivariate matrix profile...
2025-11-10 10:35:10,250 - patterns.constraint_pattern - INFO -   ✓ Found 9 motifs with 33 instances
2025-11-10 10:35:10,251 - core.pattern_registry - INFO - Pattern 'density': 9 motifs, 33 instances
2025-11-10 10:35:10,251 - core.base_pattern - INFO - Initialized pattern: inverse
2025-11-10 10:35:10,251 - patterns.constraint_pattern - INFO -   Stable features: ['Ore', 'WaterMill']
2025-11-10 10:35:10,251 - patterns.constraint_pattern - INFO -   Varying features: ['WaterZumpf']
2025-11-10 10:35:10,251 - patterns.constraint_pattern - INFO -   Window: 60, Max motifs: 10, Radius: 4.5
2025-11-10 10:35:10,251 - patterns.constraint_pattern - INFO - 
Discovering constraint motifs: inverse
2025-11-10 10:35:10,252 - patterns.constraint_pattern - INFO -   Computing multivariate matrix profile...
2025-11-10 10:36:33,874 - patterns.constraint_pattern - INFO -   ✓ Found 8 motifs with 48 instances
2025-11-10 10:36:33,874 - core.pattern_registry - INFO - Pattern 'inverse': 8 motifs, 48 instances
2025-11-10 10:36:33,874 - core.base_pattern - INFO - Initialized pattern: dynamic
2025-11-10 10:36:33,875 - patterns.constraint_pattern - INFO -   Stable features: []
2025-11-10 10:36:33,875 - patterns.constraint_pattern - INFO -   Varying features: ['Ore', 'WaterMill', 'WaterZumpf']
2025-11-10 10:36:33,875 - patterns.constraint_pattern - INFO -   Window: 60, Max motifs: 10, Radius: 4.5
2025-11-10 10:36:33,875 - patterns.constraint_pattern - INFO - 
Discovering constraint motifs: dynamic
2025-11-10 10:36:33,875 - patterns.constraint_pattern - INFO -   Computing multivariate matrix profile...
2025-11-10 10:37:53,710 - patterns.constraint_pattern - INFO -   ✓ Found 10 motifs with 84 instances
2025-11-10 10:37:53,712 - core.pattern_registry - INFO - Pattern 'dynamic': 10 motifs, 84 instances
2025-11-10 10:37:53,712 - core.base_pattern - INFO - Initialized pattern: steady_state
2025-11-10 10:37:53,712 - patterns.constraint_pattern - INFO -   Stable features: ['Ore', 'WaterMill', 'WaterZumpf', 'PSI200']
2025-11-10 10:37:53,712 - patterns.constraint_pattern - INFO -   Varying features: []
2025-11-10 10:37:53,712 - patterns.constraint_pattern - INFO -   Window: 90, Max motifs: 15, Radius: 5.0
2025-11-10 10:37:53,713 - patterns.constraint_pattern - INFO - 
Discovering constraint motifs: steady_state
2025-11-10 10:37:53,714 - patterns.constraint_pattern - INFO -   Computing multivariate matrix profile...
2025-11-10 10:40:08,754 - patterns.constraint_pattern - INFO -   ✓ Found 0 motifs with 0 instances
2025-11-10 10:40:08,755 - core.pattern_registry - INFO - Pattern 'steady_state': 0 motifs, 0 instances
2025-11-10 10:40:08,755 - pipeline - INFO - 
✓ Pattern discovery complete:
2025-11-10 10:40:08,755 - pipeline - INFO -   Total motifs: 46
2025-11-10 10:40:08,755 - pipeline - INFO -   Total instances: 293
2025-11-10 10:40:08,755 - pipeline - INFO -   mv: 19 motifs, 128 instances
2025-11-10 10:40:08,755 - pipeline - INFO -   density: 9 motifs, 33 instances
2025-11-10 10:40:08,755 - pipeline - INFO -   inverse: 8 motifs, 48 instances
2025-11-10 10:40:08,755 - pipeline - INFO -   dynamic: 10 motifs, 84 instances
2025-11-10 10:40:08,756 - pipeline - INFO - 
--------------------------------------------------------------------------------
2025-11-10 10:40:08,756 - pipeline - INFO - STEP 3: ANALYZING PATTERNS
2025-11-10 10:40:08,756 - pipeline - INFO - --------------------------------------------------------------------------------
2025-11-10 10:40:08,756 - pipeline - INFO - 
Analyzing pattern: mv
2025-11-10 10:40:08,756 - analysis.analyzer - INFO - Analyzing density behavior for 19 motifs...
2025-11-10 10:40:08,756 - analysis.analyzer - INFO -   ✓ Analyzed 0 instances
2025-11-10 10:40:08,756 - analysis.analyzer - WARNING - No analyses to save for pattern 'mv'
2025-11-10 10:40:08,756 - pipeline - INFO - 
Analyzing pattern: density
2025-11-10 10:40:08,757 - analysis.analyzer - INFO - Analyzing density behavior for 9 motifs...
2025-11-10 10:40:08,855 - analysis.analyzer - INFO -   ✓ Analyzed 33 instances
2025-11-10 10:40:08,858 - analysis.analyzer - INFO -   ✓ Saved analysis to density_analysis.csv
2025-11-10 10:40:08,859 - pipeline - INFO - 
Analyzing pattern: inverse
2025-11-10 10:40:08,859 - analysis.analyzer - INFO - Analyzing density behavior for 8 motifs...
2025-11-10 10:40:09,004 - analysis.analyzer - INFO -   ✓ Analyzed 48 instances
2025-11-10 10:40:09,006 - analysis.analyzer - INFO -   ✓ Saved analysis to inverse_analysis.csv
2025-11-10 10:40:09,006 - pipeline - INFO - 
Analyzing pattern: dynamic
2025-11-10 10:40:09,006 - analysis.analyzer - INFO - Analyzing density behavior for 10 motifs...
2025-11-10 10:40:09,253 - analysis.analyzer - INFO -   ✓ Analyzed 84 instances
2025-11-10 10:40:09,256 - analysis.analyzer - INFO -   ✓ Saved analysis to dynamic_analysis.csv
2025-11-10 10:40:09,256 - pipeline - INFO - 
✓ Pattern analysis complete
2025-11-10 10:40:09,256 - pipeline - INFO - 
--------------------------------------------------------------------------------
2025-11-10 10:40:09,256 - pipeline - INFO - STEP 4: CREATING SEGMENTED DATASETS
2025-11-10 10:40:09,256 - pipeline - INFO - --------------------------------------------------------------------------------
2025-11-10 10:40:09,256 - pipeline - INFO - 
Creating MV-only dataset (19 motifs)...
2025-11-10 10:40:09,257 - core.segmentation - INFO - Creating segmented dataset from motifs...
2025-11-10 10:40:09,341 - core.segmentation - INFO -   ✓ Created segmented dataset:
2025-11-10 10:40:09,341 - core.segmentation - INFO -     - Total segments: 128
2025-11-10 10:40:09,341 - core.segmentation - INFO -     - Total rows: 7680
2025-11-10 10:40:09,342 - core.segmentation - INFO -     - Unique motifs: 19
2025-11-10 10:40:09,460 - pipeline - INFO -   ✓ Saved: segmented_motifsMV_08.csv (7680 rows)
2025-11-10 10:40:09,460 - pipeline - INFO - 
Creating combined dataset (all patterns)...
2025-11-10 10:40:09,461 - core.segmentation - INFO - Merging motif collections...
2025-11-10 10:40:09,461 - core.segmentation - INFO -   mv: 19 motifs
2025-11-10 10:40:09,462 - core.segmentation - INFO -   density: 9 motifs
2025-11-10 10:40:09,462 - core.segmentation - INFO -   inverse: 8 motifs
2025-11-10 10:40:09,462 - core.segmentation - INFO -   dynamic: 10 motifs
2025-11-10 10:40:09,462 - core.segmentation - INFO -   steady_state: 0 motifs
2025-11-10 10:40:09,462 - core.segmentation - INFO -   ✓ Reassigned motif IDs sequentially
2025-11-10 10:40:09,462 - core.segmentation - INFO -   ✓ Total merged motifs: 46
2025-11-10 10:40:09,462 - core.segmentation - INFO - Creating segmented dataset from motifs...
2025-11-10 10:40:09,747 - core.segmentation - INFO -   ✓ Created segmented dataset:
2025-11-10 10:40:09,747 - core.segmentation - INFO -     - Total segments: 293
2025-11-10 10:40:09,747 - core.segmentation - INFO -     - Total rows: 17580
2025-11-10 10:40:09,748 - core.segmentation - INFO -     - Unique motifs: 46
2025-11-10 10:40:10,049 - pipeline - INFO -   ✓ Saved: segmented_motifs_all_08.csv (17580 rows)
2025-11-10 10:40:10,051 - core.segmentation - INFO - Extracting motif summaries...
2025-11-10 10:40:10,066 - core.segmentation - INFO -   ✓ Created summary for 46 motifs
2025-11-10 10:40:10,069 - pipeline - INFO -   ✓ Saved: motif_summary.csv
2025-11-10 10:40:10,069 - core.segmentation - INFO - Creating instance catalog...
2025-11-10 10:40:10,072 - core.segmentation - INFO -   ✓ Cataloged 293 instances
2025-11-10 10:40:10,074 - pipeline - INFO -   ✓ Saved: instance_catalog.csv
2025-11-10 10:40:10,074 - core.segmentation - INFO - Calculating segment statistics...
2025-11-10 10:40:10,123 - core.segmentation - INFO -   ✓ Calculated statistics for 46 motifs
2025-11-10 10:40:10,126 - pipeline - INFO -   ✓ Saved: segment_statistics.csv
2025-11-10 10:40:10,126 - pipeline - INFO - 
✓ Segmented datasets created
2025-11-10 10:40:10,126 - pipeline - INFO - 
--------------------------------------------------------------------------------
2025-11-10 10:40:10,128 - pipeline - INFO - STEP 5: CREATING VISUALIZATIONS
2025-11-10 10:40:10,128 - pipeline - INFO - --------------------------------------------------------------------------------
2025-11-10 10:40:10,128 - analysis.visualizer - INFO - Creating motif overview plot...
2025-11-10 10:40:11,128 - analysis.visualizer - INFO -   ✓ Saved overview plot to motif_overview.png
2025-11-10 10:40:11,128 - pipeline - INFO - 
Creating plots for pattern: mv
2025-11-10 10:40:11,128 - analysis.analyzer - INFO - Analyzing density behavior for 19 motifs...
2025-11-10 10:40:11,128 - analysis.analyzer - INFO -   ✓ Analyzed 0 instances
2025-11-10 10:40:11,129 - analysis.visualizer - INFO - Plotting top 5 individual motifs...
2025-11-10 10:40:12,829 - analysis.visualizer - INFO -   ✓ Saved 5 motif plots to mv/
2025-11-10 10:40:12,829 - pipeline - INFO - 
Creating plots for pattern: density
2025-11-10 10:40:12,829 - analysis.analyzer - INFO - Analyzing density behavior for 9 motifs...
2025-11-10 10:40:12,930 - analysis.analyzer - INFO -   ✓ Analyzed 33 instances
2025-11-10 10:40:12,930 - analysis.visualizer - INFO - Creating density analysis plot for density...
2025-11-10 10:40:13,432 - analysis.visualizer - INFO -   ✓ Saved density analysis plot to density_analysis.png
2025-11-10 10:40:13,432 - analysis.visualizer - INFO - Plotting top 5 individual motifs...
2025-11-10 10:40:15,217 - analysis.visualizer - INFO -   ✓ Saved 5 motif plots to density/
2025-11-10 10:40:15,217 - pipeline - INFO - 
Creating plots for pattern: inverse
2025-11-10 10:40:15,217 - analysis.analyzer - INFO - Analyzing density behavior for 8 motifs...
2025-11-10 10:40:15,362 - analysis.analyzer - INFO -   ✓ Analyzed 48 instances
2025-11-10 10:40:15,362 - analysis.visualizer - INFO - Creating density analysis plot for inverse...
2025-11-10 10:40:15,856 - analysis.visualizer - INFO -   ✓ Saved density analysis plot to inverse_analysis.png
2025-11-10 10:40:15,856 - analysis.visualizer - INFO - Plotting top 5 individual motifs...
2025-11-10 10:40:17,508 - analysis.visualizer - INFO -   ✓ Saved 5 motif plots to inverse/
2025-11-10 10:40:17,508 - pipeline - INFO - 
Creating plots for pattern: dynamic
2025-11-10 10:40:17,508 - analysis.analyzer - INFO - Analyzing density behavior for 10 motifs...
2025-11-10 10:40:17,928 - analysis.analyzer - INFO -   ✓ Analyzed 84 instances
2025-11-10 10:40:17,928 - analysis.visualizer - INFO - Creating density analysis plot for dynamic...
2025-11-10 10:40:18,446 - analysis.visualizer - INFO -   ✓ Saved density analysis plot to dynamic_analysis.png
2025-11-10 10:40:18,446 - analysis.visualizer - INFO - Plotting top 5 individual motifs...
2025-11-10 10:40:20,167 - analysis.visualizer - INFO -   ✓ Saved 5 motif plots to dynamic/
2025-11-10 10:40:20,167 - analysis.visualizer - INFO - Creating correlation heatmap...
2025-11-10 10:40:20,457 - analysis.visualizer - INFO -   ✓ Saved correlation heatmap to correlation_heatmap.png
2025-11-10 10:40:20,457 - analysis.visualizer - INFO - Creating feature distribution plots...
2025-11-10 10:40:21,680 - analysis.visualizer - INFO -   ✓ Saved feature distributions to feature_distributions.png
2025-11-10 10:40:21,680 - analysis.analyzer - INFO - Analyzing density behavior for 19 motifs...
2025-11-10 10:40:21,682 - analysis.analyzer - INFO -   ✓ Analyzed 0 instances
2025-11-10 10:40:21,682 - analysis.analyzer - INFO - Analyzing density behavior for 9 motifs...
2025-11-10 10:40:21,781 - analysis.analyzer - INFO -   ✓ Analyzed 33 instances
2025-11-10 10:40:21,781 - analysis.analyzer - INFO - Analyzing density behavior for 8 motifs...
2025-11-10 10:40:21,928 - analysis.analyzer - INFO -   ✓ Analyzed 48 instances
2025-11-10 10:40:21,928 - analysis.analyzer - INFO - Analyzing density behavior for 10 motifs...
2025-11-10 10:40:22,180 - analysis.analyzer - INFO -   ✓ Analyzed 84 instances
2025-11-10 10:40:22,180 - analysis.analyzer - INFO - Generating summary report...
2025-11-10 10:40:22,184 - analysis.analyzer - INFO -   ✓ Summary report saved to summary_report.txt
2025-11-10 10:40:22,185 - pipeline - INFO - 
✓ Visualizations saved to C:\Projects\experiments\data_preparation\output\plots\mill_8
2025-11-10 10:40:22,185 - pipeline - INFO - 
--------------------------------------------------------------------------------
2025-11-10 10:40:22,185 - pipeline - INFO - STEP 6: SAVING TO DATABASE
2025-11-10 10:40:22,185 - pipeline - INFO - --------------------------------------------------------------------------------
2025-11-10 10:40:22,185 - pipeline - INFO -   Saving segmented motifs for Mill 8...
2025-11-10 10:40:22,186 - pipeline - INFO -   Table will be recreated (if_exists='replace')
2025-11-10 10:40:22,186 - core.data_loader - INFO - Saving motifs data to database table: mills.MOTIFS_08
2025-11-10 10:40:22,186 - core.data_loader - INFO - DataFrame shape: (17580, 23)
2025-11-10 10:40:22,186 - core.data_loader - INFO - DataFrame columns: ['TimeStamp', 'Ore', 'WaterMill', 'WaterZumpf', 'Power', 'ZumpfLevel', 'PressureHC', 'DensityHC', 'FE', 'PulpHC', 'PumpRPM', 'MotorAmp', 'PSI80', 'PSI200', 'Class_15', 'Class_12', 'Grano', 'Daiki', 'Shisti', 'M_solid_to_cyclone', 'CirculativeLoad', 'motif_id', 'pattern_type']
2025-11-10 10:40:22,186 - db.db_connector - INFO - Saving motifs data to database table: mills.MOTIFS_08
2025-11-10 10:40:22,187 - db.db_connector - INFO - DataFrame shape: (17580, 23)
2025-11-10 10:40:22,187 - db.db_connector - INFO - DataFrame columns: ['TimeStamp', 'Ore', 'WaterMill', 'WaterZumpf', 'Power', 'ZumpfLevel', 'PressureHC', 'DensityHC', 'FE', 'PulpHC', 'PumpRPM', 'MotorAmp', 'PSI80', 'PSI200', 'Class_15', 'Class_12', 'Grano', 'Daiki', 'Shisti', 'M_solid_to_cyclone', 'CirculativeLoad', 'motif_id', 'pattern_type']
2025-11-10 10:40:27,665 - db.db_connector - INFO - ✅ Successfully saved 17580 rows to mills.MOTIFS_08
2025-11-10 10:40:27,665 - db.db_connector - INFO -    Action: replace
2025-11-10 10:40:27,668 - db.db_connector - INFO -    Verification: Table mills.MOTIFS_08 now contains 17580 rows
2025-11-10 10:40:27,670 - core.data_loader - INFO - ✅ Successfully saved 17580 rows to mills.MOTIFS_08
2025-11-10 10:40:27,670 - pipeline - INFO - ✓ Segmented data saved to database table: MOTIFS_08
2025-11-10 10:40:27,670 - pipeline - INFO - 
================================================================================
2025-11-10 10:40:27,671 - pipeline - INFO - DATA PREPARATION COMPLETE
2025-11-10 10:40:27,671 - pipeline - INFO - ================================================================================
2025-11-10 10:40:27,671 - pipeline - INFO - Output directory: C:\Projects\experiments\data_preparation\output
2025-11-10 10:40:27,671 - pipeline - INFO - Analysis directory: C:\Projects\experiments\data_preparation\output\analysis
2025-11-10 10:40:27,671 - pipeline - INFO - Plots directory: C:\Projects\experiments\data_preparation\output\plots
2025-11-10 10:40:27,672 - __main__ - INFO - 
✓ Data preparation pipeline completed successfully!
2025-11-10 11:31:39,020 - db.db_connector - INFO - Initializing database connection to s.lyubenov@em-m-db4.ellatzite-med.com:5432/em_pulse_data
2025-11-10 11:31:39,106 - db.db_connector - INFO - ✅ Database connection test successful
2025-11-10 11:31:39,106 - core.data_loader - INFO - ✅ Database connector initialized
2025-11-10 11:31:39,106 - pipeline - INFO - 
================================================================================
2025-11-10 11:31:39,107 - pipeline - INFO - STARTING DATA PREPARATION PIPELINE v2.0
2025-11-10 11:31:39,107 - pipeline - INFO - ================================================================================
2025-11-10 11:31:39,108 - pipeline - INFO - ======================================================================
DATA PREPARATION PIPELINE CONFIGURATION
======================================================================

Mill Number: 8
Date Range: 2025-08-01 to 2025-11-09

Features:
  MV: ['Ore', 'WaterMill', 'WaterZumpf']
  CV: ['DensityHC', 'PulpHC', 'PressureHC', 'CirculativeLoad']
  DV: ['Class_15', 'Daiki', 'FE', 'MotorAmp']
  Target: PSI200

Patterns (5 enabled):
  • mv (mv)
    Window: 60, Max: 20, Radius: 4.5
  • density (constraint)
    Window: 60, Max: 15, Radius: 4.5
    Stable: ['WaterZumpf']
    Varying: ['Ore', 'WaterMill']
  • inverse (constraint)
    Window: 60, Max: 10, Radius: 4.5
    Stable: ['Ore', 'WaterMill']
    Varying: ['WaterZumpf']
  • dynamic (constraint)
    Window: 60, Max: 10, Radius: 4.5
    Varying: ['Ore', 'WaterMill', 'WaterZumpf']
  • steady_state (constraint)
    Window: 90, Max: 15, Radius: 5.0
    Stable: ['Ore', 'WaterMill', 'WaterZumpf', 'PSI200']

Output Options:
  Save MV only: True
  Save combined: True
  Save to database: True
  Use database: True

Output Paths:
  Output: C:\Projects\experiments\data_preparation\output
  Analysis: C:\Projects\experiments\data_preparation\output\analysis
  Plots: C:\Projects\experiments\data_preparation\output\plots
======================================================================
2025-11-10 11:31:39,108 - pipeline - INFO - 
--------------------------------------------------------------------------------
2025-11-10 11:31:39,108 - pipeline - INFO - STEP 1: LOADING AND PREPARING DATA
2025-11-10 11:31:39,108 - pipeline - INFO - --------------------------------------------------------------------------------
2025-11-10 11:31:39,108 - core.data_loader - INFO - Loading data for Mill 8
2025-11-10 11:31:39,108 - core.data_loader - INFO -   Date range: 2025-08-01 to 2025-11-09
2025-11-10 11:31:39,108 - core.data_loader - INFO -   Resample: 1min
2025-11-10 11:31:39,108 - core.data_loader - INFO -   Found cache file: C:\Projects\experiments\data_preparation\output\initial_data.csv
2025-11-10 11:31:39,236 - core.data_loader - INFO -   Cache data range doesn't match request:
2025-11-10 11:31:39,236 - core.data_loader - INFO -     Cache: 2025-10-01 06:00:00 to 2025-11-08 08:13:00
2025-11-10 11:31:39,236 - core.data_loader - INFO -     Requested: 2025-08-01 00:00:00 to 2025-11-09 00:00:00
2025-11-10 11:31:39,237 - core.data_loader - INFO -   Will load fresh data from database
2025-11-10 11:31:39,237 - core.data_loader - INFO -   Loading from database...
2025-11-10 11:31:39,237 - db.db_connector - INFO - === STARTING get_combined_data for Mill 8 ===
2025-11-10 11:31:39,237 - db.db_connector - INFO - DEBUG: Request parameters - mill_number=8, start_date=2025-08-01, end_date=2025-11-09
2025-11-10 11:31:39,237 - db.db_connector - INFO - DEBUG: Additional parameters - resample_freq=1min, save_to_logs=False, no_interpolation=True
2025-11-10 11:31:39,238 - db.db_connector - INFO - Retrieving mill data for mill 8 from 2025-08-01 to 2025-11-09
2025-11-10 11:31:39,238 - db.db_connector - INFO - DEBUG: get_mill_data called with mill_number=8, start_date=2025-08-01, end_date=2025-11-09
2025-11-10 11:31:39,238 - db.db_connector - INFO - DEBUG: Current time: 2025-11-10 11:31:39.238944
2025-11-10 11:31:39,239 - db.db_connector - INFO - DEBUG: Parsed start_date: 2025-08-01 00:00:00 (timezone: None)
2025-11-10 11:31:39,240 - db.db_connector - INFO - DEBUG: Parsed end_date: 2025-11-09 00:00:00 (timezone: None)
2025-11-10 11:31:39,240 - db.db_connector - INFO - DEBUG: Days from now to end_date: -2
2025-11-10 11:31:39,241 - db.db_connector - INFO - DEBUG: Converted start_date 2025-08-01 -> 2025-08-01 00:00:00
2025-11-10 11:31:39,242 - db.db_connector - INFO - DEBUG: Converted end_date 2025-11-09 -> 2025-11-09 00:00:00
2025-11-10 11:31:39,242 - db.db_connector - INFO - DEBUG: Executing query: SELECT * FROM mills."MILL_08" WHERE "TimeStamp" >= '2025-08-01 00:00:00' AND "TimeStamp" <= '2025-11-09 00:00:00'
2025-11-10 11:31:39,242 - db.db_connector - INFO - DEBUG: Query will search table: mills."MILL_08"
2025-11-10 11:31:39,289 - db.db_connector - INFO - DEBUG: Table MILL_08 has 451174 total records
2025-11-10 11:31:39,290 - db.db_connector - INFO - DEBUG: Table MILL_08 date range: 2025-01-01 02:07:00 to 2025-11-10 10:42:00
2025-11-10 11:31:39,314 - db.db_connector - INFO - DEBUG: Table MILL_08 has 129456 records after 2025-08-12 12:54:00
2025-11-10 11:31:40,702 - db.db_connector - INFO - Retrieved 143981 rows for Mill 8
2025-11-10 11:31:40,703 - db.db_connector - INFO - DEBUG: Mill data date range: 2025-08-01 00:00:00 to 2025-11-09 00:00:00
2025-11-10 11:31:40,703 - db.db_connector - INFO - DEBUG: Last 5 timestamps in mill data: [Timestamp('2025-11-08 23:56:00'), Timestamp('2025-11-08 23:57:00'), Timestamp('2025-11-08 23:58:00'), Timestamp('2025-11-08 23:59:00'), Timestamp('2025-11-09 00:00:00')]
2025-11-10 11:31:40,710 - db.db_connector - INFO - DEBUG: Records after 2025-08-12 12:54:00: 127374
2025-11-10 11:31:40,710 - db.db_connector - INFO - DEBUG: First timestamp after cutoff: 2025-08-12 12:55:00
2025-11-10 11:31:40,711 - db.db_connector - INFO - DEBUG: Last timestamp after cutoff: 2025-11-09 00:00:00
2025-11-10 11:31:40,711 - db.db_connector - INFO - Mill data retrieved: 143981 rows, 13 columns
2025-11-10 11:31:40,711 - db.db_connector - INFO - Mill data columns: ['Ore', 'WaterMill', 'WaterZumpf', 'Power', 'ZumpfLevel', 'PressureHC', 'DensityHC', 'FE', 'PulpHC', 'PumpRPM', 'MotorAmp', 'PSI80', 'PSI200']
2025-11-10 11:31:40,721 - db.db_connector - INFO - Mill data sample:
                          Ore  WaterMill  ...  PSI80  PSI200
TimeStamp                                 ...               
2025-08-01 00:00:00  172.2250  15.556000  ...   47.1    28.0
2025-08-01 00:01:00  172.2250  14.746447  ...   47.1    28.0
2025-08-01 00:02:00  172.0086  14.403000  ...   47.1    28.0

[3 rows x 13 columns]
2025-11-10 11:31:40,732 - db.db_connector - INFO - DEBUG: process_dataframe date filtering - start=2025-08-01 00:00:00, end=2025-11-09 00:00:00
2025-11-10 11:31:40,732 - db.db_connector - INFO - DEBUG: Before date filtering: 143981 rows, date range: 2025-08-01 00:00:00 to 2025-11-09 00:00:00
2025-11-10 11:31:40,737 - db.db_connector - INFO - DEBUG: After start date filter (2025-08-01 00:00:00): 143981 rows (removed 0 rows)
2025-11-10 11:31:40,742 - db.db_connector - INFO - DEBUG: After end date filter (2025-11-09 00:00:00): 143981 rows (removed 0 rows)
2025-11-10 11:31:40,742 - db.db_connector - INFO - DEBUG: After date filtering: 143981 rows, date range: 2025-08-01 00:00:00 to 2025-11-09 00:00:00
2025-11-10 11:31:40,850 - db.db_connector - INFO - Applied resampling with interpolation
2025-11-10 11:31:40,908 - db.db_connector - INFO - Applied smoothing with rolling window of size 15
2025-11-10 11:31:40,908 - db.db_connector - INFO - Resampled data to 1min frequency
2025-11-10 11:31:40,911 - db.db_connector - INFO - Processed mill data: 144001 rows, 13 columns
2025-11-10 11:31:40,912 - db.db_connector - INFO - Retrieving ore quality data
2025-11-10 11:31:40,912 - db.db_connector - INFO - DEBUG: get_ore_quality called with start_date=2025-08-01, end_date=2025-11-09
2025-11-10 11:31:40,914 - db.db_connector - INFO - DEBUG: Ore quality parsed start_date: 2025-08-01 00:00:00 (timezone: None)
2025-11-10 11:31:40,914 - db.db_connector - INFO - DEBUG: Ore quality parsed end_date: 2025-11-09 00:00:00 (timezone: None)
2025-11-10 11:31:40,914 - db.db_connector - INFO - DEBUG: Ore quality converted start_date 2025-08-01 -> 2025-08-01 00:00:00
2025-11-10 11:31:40,915 - db.db_connector - INFO - DEBUG: Ore quality converted end_date 2025-11-09 -> 2025-11-09 00:00:00
2025-11-10 11:31:40,915 - db.db_connector - INFO - DEBUG: Executing ore quality query: SELECT * FROM mills.ore_quality WHERE "TimeStamp" >= '2025-08-01 00:00:00' AND "TimeStamp" <= '2025-11-09 00:00:00'
2025-11-10 11:31:40,918 - db.db_connector - INFO - DEBUG: ore_quality table has 939 total records
2025-11-10 11:31:40,919 - db.db_connector - INFO - DEBUG: ore_quality table date range: 2025-01-01 06:00:00 to 2025-11-09 22:00:00
2025-11-10 11:31:40,921 - db.db_connector - INFO - DEBUG: ore_quality table has 269 records after 2025-08-12 12:54:00
2025-11-10 11:31:40,923 - db.db_connector - INFO - DEBUG: ore_quality has 300 records in requested range 2025-08-01 to 2025-11-09
2025-11-10 11:31:40,928 - db.db_connector - INFO - Retrieved 300 rows of ore quality data
2025-11-10 11:31:40,929 - db.db_connector - INFO - DEBUG: Ore quality data date range: 2025-08-01 06:00:00 to 2025-11-08 22:00:00
2025-11-10 11:31:40,930 - db.db_connector - INFO - DEBUG: Last 5 timestamps in ore quality data: [Timestamp('2025-11-07 14:00:00'), Timestamp('2025-11-07 22:00:00'), Timestamp('2025-11-08 06:00:00'), Timestamp('2025-11-08 14:00:00'), Timestamp('2025-11-08 22:00:00')]
2025-11-10 11:31:40,931 - db.db_connector - INFO - DEBUG: Ore quality records after 2025-08-12 12:54:00: 266
2025-11-10 11:31:40,931 - db.db_connector - INFO - Ore data retrieved: 300 rows, 11 columns
2025-11-10 11:31:40,931 - db.db_connector - INFO - Ore data columns: ['id', 'Date', 'Shift', 'TimeStamp', 'Class_15', 'Class_12', 'Grano', 'Daiki', 'Shisti', 'Original_Sheet', 'Created_At']
2025-11-10 11:31:40,932 - db.db_connector - INFO - DEBUG: process_dataframe date filtering - start=2025-08-01 00:00:00, end=2025-11-09 00:00:00
2025-11-10 11:31:40,932 - db.db_connector - INFO - DEBUG: Before date filtering: 300 rows, date range: 2025-08-01 06:00:00 to 2025-11-08 22:00:00
2025-11-10 11:31:40,932 - db.db_connector - INFO - DEBUG: After start date filter (2025-08-01 00:00:00): 300 rows (removed 0 rows)
2025-11-10 11:31:40,932 - db.db_connector - INFO - DEBUG: After end date filter (2025-11-09 00:00:00): 300 rows (removed 0 rows)
2025-11-10 11:31:40,932 - db.db_connector - INFO - DEBUG: After date filtering: 300 rows, date range: 2025-08-01 06:00:00 to 2025-11-08 22:00:00
2025-11-10 11:31:40,949 - db.db_connector - INFO - Applied resampling with constant values (no interpolation or smoothing)
2025-11-10 11:31:40,950 - db.db_connector - INFO - Resampled data to 1min frequency
2025-11-10 11:31:40,952 - db.db_connector - INFO - Processed ore data: 143521 rows, 9 columns - with constant values (no interpolation)
2025-11-10 11:31:40,952 - db.db_connector - INFO - DF1 (mill): 144001 rows, index range: 2025-08-01 00:00:00 to 2025-11-09 00:00:00
2025-11-10 11:31:40,954 - db.db_connector - INFO - DF2 (ore): 143521 rows, index range: 2025-08-01 06:00:00 to 2025-11-08 22:00:00
2025-11-10 11:31:40,954 - db.db_connector - INFO - Found 143521 common timestamps
2025-11-10 11:31:40,978 - db.db_connector - INFO - Successfully joined dataframes: 143521 rows, 22 columns
2025-11-10 11:31:40,978 - db.db_connector - INFO - Joined dataframe columns: ['Ore', 'WaterMill', 'WaterZumpf', 'Power', 'ZumpfLevel', 'PressureHC', 'DensityHC', 'FE', 'PulpHC', 'PumpRPM', 'MotorAmp', 'PSI80', 'PSI200', 'id', 'Date', 'Shift', 'Class_15', 'Class_12', 'Grano', 'Daiki', 'Shisti', 'Original_Sheet']
2025-11-10 11:31:40,980 - db.db_connector - INFO - DEBUG: Final combined data date range: 2025-08-01 06:00:00 to 2025-11-08 22:00:00
2025-11-10 11:31:40,987 - db.db_connector - INFO - DEBUG: Combined data records after 2025-08-12 12:54:00: 127266
2025-11-10 11:31:40,987 - db.db_connector - INFO - DEBUG: SUCCESS - Combined data extends beyond 2025-08-12 with 127266 records
2025-11-10 11:31:40,987 - db.db_connector - INFO - 
=== Combined Dataframe Head (first 3 rows) ===
2025-11-10 11:31:40,990 - db.db_connector - INFO -                             Ore  WaterMill  WaterZumpf        Power   ZumpfLevel  PressureHC    DensityHC        FE      PulpHC     PumpRPM    MotorAmp      PSI80     PSI200   id  Date  Shift  Class_15  Class_12  Grano  Daiki  Shisti  Original_Sheet
TimeStamp                                                                                                                                                                                                                                                
2025-08-01 06:00:00  173.864482  14.774777  196.649700  2100.038203  1483.575868    0.321685  1674.419873  3.666933  351.384181  662.055793  200.286101  47.538428  28.052160  637   NaN      1       0.7       7.9  0.706  0.253   0.041             NaN
2025-08-01 06:01:00  173.832600  14.776977  196.769700  2100.470674  1485.920452    0.321019  1674.431873  3.666400  351.394743  662.018926  200.143096  47.538428  28.052160  637   NaN      1       0.7       7.9  0.706  0.253   0.041             NaN
2025-08-01 06:02:00  173.792113  14.781768  197.136442  2100.181012  1489.396947    0.321139  1674.316835  3.665867  351.403863  662.050905  199.984377  47.538428  28.034852  637   NaN      1       0.7       7.9  0.706  0.253   0.041             NaN
2025-11-10 11:31:40,990 - db.db_connector - INFO - 
=== Combined Dataframe Tail (last 3 rows) ===
2025-11-10 11:31:40,995 - db.db_connector - INFO -                             Ore  WaterMill  WaterZumpf        Power   ZumpfLevel  PressureHC    DensityHC        FE      PulpHC     PumpRPM    MotorAmp  PSI80     PSI200   id  Date  Shift  Class_15  Class_12  Grano  Daiki  Shisti  Original_Sheet
TimeStamp                                                                                                                                                                                                                                            
2025-11-08 21:58:00  172.921581  14.471868  212.441950  1946.978681  1566.749636    0.353553  1814.076198  3.508800  368.433417  669.393350  181.541772  49.50  25.683333  935   NaN      2       3.4       6.9  0.674  0.295   0.031             NaN
2025-11-08 21:59:00  172.946848  14.471744  212.704121  1945.691200  1566.457948    0.353832  1814.399232  3.512067  368.873752  669.545017  181.339325  49.54  25.650000  935   NaN      2       3.4       6.9  0.674  0.295   0.031             NaN
2025-11-08 22:00:00  172.972114  14.472324  213.184588  1946.330171  1566.290664    0.353749  1814.731125  3.507200  369.135245  669.696683  181.442112  49.58  25.616667  936   NaN      3       1.9       6.6  0.661  0.277   0.062             NaN
2025-11-10 11:31:40,995 - db.db_connector - INFO - ==================================================
2025-11-10 11:31:40,998 - db.db_connector - INFO - Combined data has 143521 rows and 22 columns
2025-11-10 11:31:40,998 - db.db_connector - INFO - Combined data columns: ['Ore', 'WaterMill', 'WaterZumpf', 'Power', 'ZumpfLevel', 'PressureHC', 'DensityHC', 'FE', 'PulpHC', 'PumpRPM', 'MotorAmp', 'PSI80', 'PSI200', 'id', 'Date', 'Shift', 'Class_15', 'Class_12', 'Grano', 'Daiki', 'Shisti', 'Original_Sheet']
2025-11-10 11:31:41,008 - db.db_connector - INFO - Combined data sample:
                            Ore  WaterMill  ...  Shisti  Original_Sheet
TimeStamp                                   ...                        
2025-08-01 06:00:00  173.864482  14.774777  ...   0.041             NaN
2025-08-01 06:01:00  173.832600  14.776977  ...   0.041             NaN
2025-08-01 06:02:00  173.792113  14.781768  ...   0.041             NaN

[3 rows x 22 columns]
2025-11-10 11:31:41,009 - db.db_connector - INFO - === COMPLETED get_combined_data for Mill 8 ===
2025-11-10 11:31:41,009 - db.db_connector - INFO - DEBUG: Final result - 143521 total records
2025-11-10 11:31:41,010 - db.db_connector - INFO - DEBUG: Final date range: 2025-08-01 06:00:00 to 2025-11-08 22:00:00
2025-11-10 11:31:41,050 - core.data_loader - INFO -   ✓ Loaded 143521 rows, 24 columns from database
2025-11-10 11:31:42,895 - core.data_loader - INFO -   ✓ Cached data to C:\Projects\experiments\data_preparation\output\initial_data.csv
2025-11-10 11:31:42,896 - core.data_loader - INFO -   ✓ All required columns present: 11 columns
2025-11-10 11:31:42,897 - core.data_loader - INFO - Filtering data...
2025-11-10 11:31:42,904 - core.data_loader - INFO -   Ore: [100, 220] - removed 4170 rows
2025-11-10 11:31:42,913 - core.data_loader - INFO -   PulpHC: [400, 600] - removed 25224 rows
2025-11-10 11:31:42,920 - core.data_loader - INFO -   DensityHC: [1600, 1800] - removed 1453 rows
2025-11-10 11:31:42,921 - core.data_loader - INFO -   ✓ Filtered: 143521 → 112674 rows (78.5% retained)
2025-11-10 11:31:42,922 - core.data_loader - INFO - Calculating circulative load...
2025-11-10 11:31:42,927 - core.data_loader - INFO -   ✓ Circulative load calculated
2025-11-10 11:31:42,927 - core.data_loader - INFO -   Valid range [0.5, 5.0]: 96.3% of data
2025-11-10 11:31:42,928 - core.data_loader - INFO -   Mean: 1.01, Std: 0.25
2025-11-10 11:31:44,721 - pipeline - INFO - ✓ Data ready: 112674 rows, 28 columns
2025-11-10 11:31:44,722 - pipeline - INFO - 
--------------------------------------------------------------------------------
2025-11-10 11:31:44,722 - pipeline - INFO - STEP 2: DISCOVERING PATTERNS
2025-11-10 11:31:44,722 - pipeline - INFO - --------------------------------------------------------------------------------
2025-11-10 11:31:44,722 - pipeline - INFO - Enabled patterns: 5
2025-11-10 11:31:44,723 - core.base_pattern - INFO - Initialized pattern: mv
2025-11-10 11:31:44,723 - patterns.mv_pattern - INFO -   Features: ['Ore', 'WaterMill', 'WaterZumpf']
2025-11-10 11:31:44,723 - patterns.mv_pattern - INFO -   Window: 60, Max motifs: 20, Radius: 4.5
2025-11-10 11:31:44,724 - patterns.mv_pattern - INFO - 
Discovering MV motifs: mv
2025-11-10 11:31:44,727 - patterns.mv_pattern - INFO -   Computing multivariate matrix profile...
2025-11-10 11:39:56,429 - patterns.mv_pattern - INFO -   ✓ Found 18 motifs with 290 instances
2025-11-10 11:39:56,432 - core.pattern_registry - INFO - Pattern 'mv': 18 motifs, 290 instances
2025-11-10 11:39:56,432 - core.base_pattern - INFO - Initialized pattern: density
2025-11-10 11:39:56,433 - patterns.constraint_pattern - INFO -   Stable features: ['WaterZumpf']
2025-11-10 11:39:56,433 - patterns.constraint_pattern - INFO -   Varying features: ['Ore', 'WaterMill']
2025-11-10 11:39:56,435 - patterns.constraint_pattern - INFO -   Window: 60, Max motifs: 15, Radius: 4.5
2025-11-10 11:39:56,435 - patterns.constraint_pattern - INFO - 
Discovering constraint motifs: density
2025-11-10 11:39:56,445 - patterns.constraint_pattern - INFO -   Computing multivariate matrix profile...
2025-11-10 11:51:19,875 - patterns.constraint_pattern - INFO -   ✓ Found 11 motifs with 67 instances
2025-11-10 11:51:19,877 - core.pattern_registry - INFO - Pattern 'density': 11 motifs, 67 instances
2025-11-10 11:51:19,877 - core.base_pattern - INFO - Initialized pattern: inverse
2025-11-10 11:51:19,878 - patterns.constraint_pattern - INFO -   Stable features: ['Ore', 'WaterMill']
2025-11-10 11:51:19,878 - patterns.constraint_pattern - INFO -   Varying features: ['WaterZumpf']
2025-11-10 11:51:19,878 - patterns.constraint_pattern - INFO -   Window: 60, Max motifs: 10, Radius: 4.5
2025-11-10 11:51:19,878 - patterns.constraint_pattern - INFO - 
Discovering constraint motifs: inverse
2025-11-10 11:51:19,881 - patterns.constraint_pattern - INFO -   Computing multivariate matrix profile...
2025-11-10 12:01:06,826 - patterns.constraint_pattern - INFO -   ✓ Found 10 motifs with 147 instances
2025-11-10 12:01:06,829 - core.pattern_registry - INFO - Pattern 'inverse': 10 motifs, 147 instances
2025-11-10 12:01:06,829 - core.base_pattern - INFO - Initialized pattern: dynamic
2025-11-10 12:01:06,829 - patterns.constraint_pattern - INFO -   Stable features: []
2025-11-10 12:01:06,829 - patterns.constraint_pattern - INFO -   Varying features: ['Ore', 'WaterMill', 'WaterZumpf']
2025-11-10 12:01:06,829 - patterns.constraint_pattern - INFO -   Window: 60, Max motifs: 10, Radius: 4.5
2025-11-10 12:01:06,830 - patterns.constraint_pattern - INFO - 
Discovering constraint motifs: dynamic
2025-11-10 12:01:06,833 - patterns.constraint_pattern - INFO -   Computing multivariate matrix profile...
2025-11-10 12:10:51,430 - patterns.constraint_pattern - INFO -   ✓ Found 10 motifs with 181 instances
2025-11-10 12:10:51,433 - core.pattern_registry - INFO - Pattern 'dynamic': 10 motifs, 181 instances
2025-11-10 12:10:51,433 - core.base_pattern - INFO - Initialized pattern: steady_state
2025-11-10 12:10:51,433 - patterns.constraint_pattern - INFO -   Stable features: ['Ore', 'WaterMill', 'WaterZumpf', 'PSI200']
2025-11-10 12:10:51,433 - patterns.constraint_pattern - INFO -   Varying features: []
2025-11-10 12:10:51,433 - patterns.constraint_pattern - INFO -   Window: 90, Max motifs: 15, Radius: 5.0
2025-11-10 12:10:51,433 - patterns.constraint_pattern - INFO - 
Discovering constraint motifs: steady_state
2025-11-10 12:10:51,436 - patterns.constraint_pattern - INFO -   Computing multivariate matrix profile...
2025-11-10 12:24:46,916 - patterns.constraint_pattern - INFO -   ✓ Found 1 motifs with 2 instances
2025-11-10 12:24:46,918 - core.pattern_registry - INFO - Pattern 'steady_state': 1 motifs, 2 instances
2025-11-10 12:24:46,918 - pipeline - INFO - 
✓ Pattern discovery complete:
2025-11-10 12:24:46,919 - pipeline - INFO -   Total motifs: 50
2025-11-10 12:24:46,919 - pipeline - INFO -   Total instances: 687
2025-11-10 12:24:46,919 - pipeline - INFO -   mv: 18 motifs, 290 instances
2025-11-10 12:24:46,919 - pipeline - INFO -   density: 11 motifs, 67 instances
2025-11-10 12:24:46,919 - pipeline - INFO -   inverse: 10 motifs, 147 instances
2025-11-10 12:24:46,919 - pipeline - INFO -   dynamic: 10 motifs, 181 instances
2025-11-10 12:24:46,919 - pipeline - INFO -   steady_state: 1 motifs, 2 instances
2025-11-10 12:24:46,920 - pipeline - INFO - 
--------------------------------------------------------------------------------
2025-11-10 12:24:46,920 - pipeline - INFO - STEP 3: ANALYZING PATTERNS
2025-11-10 12:24:46,920 - pipeline - INFO - --------------------------------------------------------------------------------
2025-11-10 12:24:46,920 - pipeline - INFO - 
Analyzing pattern: mv
2025-11-10 12:24:46,920 - analysis.analyzer - INFO - Analyzing density behavior for 18 motifs...
2025-11-10 12:24:46,921 - analysis.analyzer - INFO -   ✓ Analyzed 0 instances
2025-11-10 12:24:46,921 - analysis.analyzer - WARNING - No analyses to save for pattern 'mv'
2025-11-10 12:24:46,921 - pipeline - INFO - 
Analyzing pattern: density
2025-11-10 12:24:46,921 - analysis.analyzer - INFO - Analyzing density behavior for 11 motifs...
2025-11-10 12:24:47,118 - analysis.analyzer - INFO -   ✓ Analyzed 67 instances
2025-11-10 12:24:47,121 - analysis.analyzer - INFO -   ✓ Saved analysis to density_analysis.csv
2025-11-10 12:24:47,121 - pipeline - INFO - 
Analyzing pattern: inverse
2025-11-10 12:24:47,121 - analysis.analyzer - INFO - Analyzing density behavior for 10 motifs...
2025-11-10 12:24:47,542 - analysis.analyzer - INFO -   ✓ Analyzed 147 instances
2025-11-10 12:24:47,546 - analysis.analyzer - INFO -   ✓ Saved analysis to inverse_analysis.csv
2025-11-10 12:24:47,546 - pipeline - INFO - 
Analyzing pattern: dynamic
2025-11-10 12:24:47,546 - analysis.analyzer - INFO - Analyzing density behavior for 10 motifs...
2025-11-10 12:24:48,069 - analysis.analyzer - INFO -   ✓ Analyzed 181 instances
2025-11-10 12:24:48,073 - analysis.analyzer - INFO -   ✓ Saved analysis to dynamic_analysis.csv
2025-11-10 12:24:48,073 - pipeline - INFO - 
Analyzing pattern: steady_state
2025-11-10 12:24:48,073 - analysis.analyzer - INFO - Analyzing density behavior for 1 motifs...
2025-11-10 12:24:48,081 - analysis.analyzer - INFO -   ✓ Analyzed 2 instances
2025-11-10 12:24:48,084 - analysis.analyzer - INFO -   ✓ Saved analysis to steady_state_analysis.csv
2025-11-10 12:24:48,084 - pipeline - INFO - 
✓ Pattern analysis complete
2025-11-10 12:24:48,084 - pipeline - INFO - 
--------------------------------------------------------------------------------
2025-11-10 12:24:48,084 - pipeline - INFO - STEP 4: CREATING SEGMENTED DATASETS
2025-11-10 12:24:48,084 - pipeline - INFO - --------------------------------------------------------------------------------
2025-11-10 12:24:48,084 - pipeline - INFO - 
Creating MV-only dataset (18 motifs)...
2025-11-10 12:24:48,084 - core.segmentation - INFO - Creating segmented dataset from motifs...
2025-11-10 12:24:48,383 - core.segmentation - INFO -   ✓ Created segmented dataset:
2025-11-10 12:24:48,383 - core.segmentation - INFO -     - Total segments: 290
2025-11-10 12:24:48,383 - core.segmentation - INFO -     - Total rows: 17400
2025-11-10 12:24:48,384 - core.segmentation - INFO -     - Unique motifs: 18
2025-11-10 12:24:48,634 - pipeline - INFO -   ✓ Saved: segmented_motifsMV_08.csv (17400 rows)
2025-11-10 12:24:48,634 - pipeline - INFO - 
Creating combined dataset (all patterns)...
2025-11-10 12:24:48,634 - core.segmentation - INFO - Merging motif collections...
2025-11-10 12:24:48,635 - core.segmentation - INFO -   mv: 18 motifs
2025-11-10 12:24:48,635 - core.segmentation - INFO -   density: 11 motifs
2025-11-10 12:24:48,635 - core.segmentation - INFO -   inverse: 10 motifs
2025-11-10 12:24:48,635 - core.segmentation - INFO -   dynamic: 10 motifs
2025-11-10 12:24:48,635 - core.segmentation - INFO -   steady_state: 1 motifs
2025-11-10 12:24:48,635 - core.segmentation - INFO -   ✓ Reassigned motif IDs sequentially
2025-11-10 12:24:48,635 - core.segmentation - INFO -   ✓ Total merged motifs: 50
2025-11-10 12:24:48,636 - core.segmentation - INFO - Creating segmented dataset from motifs...
2025-11-10 12:24:49,084 - core.segmentation - INFO -   ✓ Created segmented dataset:
2025-11-10 12:24:49,084 - core.segmentation - INFO -     - Total segments: 687
2025-11-10 12:24:49,084 - core.segmentation - INFO -     - Total rows: 41280
2025-11-10 12:24:49,084 - core.segmentation - INFO -     - Unique motifs: 50
2025-11-10 12:24:49,848 - pipeline - INFO -   ✓ Saved: segmented_motifs_all_08.csv (41280 rows)
2025-11-10 12:24:49,849 - core.segmentation - INFO - Extracting motif summaries...
2025-11-10 12:24:49,880 - core.segmentation - INFO -   ✓ Created summary for 50 motifs
2025-11-10 12:24:49,883 - pipeline - INFO -   ✓ Saved: motif_summary.csv
2025-11-10 12:24:49,884 - core.segmentation - INFO - Creating instance catalog...
2025-11-10 12:24:49,889 - core.segmentation - INFO -   ✓ Cataloged 687 instances
2025-11-10 12:24:49,893 - pipeline - INFO -   ✓ Saved: instance_catalog.csv
2025-11-10 12:24:49,893 - core.segmentation - INFO - Calculating segment statistics...
2025-11-10 12:24:49,958 - core.segmentation - INFO -   ✓ Calculated statistics for 50 motifs
2025-11-10 12:24:49,962 - pipeline - INFO -   ✓ Saved: segment_statistics.csv
2025-11-10 12:24:49,962 - pipeline - INFO - 
✓ Segmented datasets created
2025-11-10 12:24:49,962 - pipeline - INFO - 
--------------------------------------------------------------------------------
2025-11-10 12:24:49,962 - pipeline - INFO - STEP 5: CREATING VISUALIZATIONS
2025-11-10 12:24:49,963 - pipeline - INFO - --------------------------------------------------------------------------------
2025-11-10 12:24:49,963 - analysis.visualizer - INFO - Creating motif overview plot...
2025-11-10 12:24:51,001 - analysis.visualizer - INFO -   ✓ Saved overview plot to motif_overview.png
2025-11-10 12:24:51,001 - pipeline - INFO - 
Creating plots for pattern: mv
2025-11-10 12:24:51,001 - analysis.analyzer - INFO - Analyzing density behavior for 18 motifs...
2025-11-10 12:24:51,001 - analysis.analyzer - INFO -   ✓ Analyzed 0 instances
2025-11-10 12:24:51,002 - analysis.visualizer - INFO - Plotting top 5 individual motifs...
2025-11-10 12:24:52,748 - analysis.visualizer - INFO -   ✓ Saved 5 motif plots to mv/
2025-11-10 12:24:52,748 - pipeline - INFO - 
Creating plots for pattern: density
2025-11-10 12:24:52,749 - analysis.analyzer - INFO - Analyzing density behavior for 11 motifs...
2025-11-10 12:24:52,946 - analysis.analyzer - INFO -   ✓ Analyzed 67 instances
2025-11-10 12:24:52,946 - analysis.visualizer - INFO - Creating density analysis plot for density...
2025-11-10 12:24:53,469 - analysis.visualizer - INFO -   ✓ Saved density analysis plot to density_analysis.png
2025-11-10 12:24:53,470 - analysis.visualizer - INFO - Plotting top 5 individual motifs...
2025-11-10 12:24:55,245 - analysis.visualizer - INFO -   ✓ Saved 5 motif plots to density/
2025-11-10 12:24:55,245 - pipeline - INFO - 
Creating plots for pattern: inverse
2025-11-10 12:24:55,246 - analysis.analyzer - INFO - Analyzing density behavior for 10 motifs...
2025-11-10 12:24:55,701 - analysis.analyzer - INFO -   ✓ Analyzed 147 instances
2025-11-10 12:24:55,702 - analysis.visualizer - INFO - Creating density analysis plot for inverse...
2025-11-10 12:24:56,204 - analysis.visualizer - INFO -   ✓ Saved density analysis plot to inverse_analysis.png
2025-11-10 12:24:56,204 - analysis.visualizer - INFO - Plotting top 5 individual motifs...
2025-11-10 12:24:58,100 - analysis.visualizer - INFO -   ✓ Saved 5 motif plots to inverse/
2025-11-10 12:24:58,100 - pipeline - INFO - 
Creating plots for pattern: dynamic
2025-11-10 12:24:58,100 - analysis.analyzer - INFO - Analyzing density behavior for 10 motifs...
2025-11-10 12:24:58,628 - analysis.analyzer - INFO -   ✓ Analyzed 181 instances
2025-11-10 12:24:58,629 - analysis.visualizer - INFO - Creating density analysis plot for dynamic...
2025-11-10 12:24:59,133 - analysis.visualizer - INFO -   ✓ Saved density analysis plot to dynamic_analysis.png
2025-11-10 12:24:59,134 - analysis.visualizer - INFO - Plotting top 5 individual motifs...
2025-11-10 12:25:00,979 - analysis.visualizer - INFO -   ✓ Saved 5 motif plots to dynamic/
2025-11-10 12:25:00,979 - pipeline - INFO - 
Creating plots for pattern: steady_state
2025-11-10 12:25:00,979 - analysis.analyzer - INFO - Analyzing density behavior for 1 motifs...
2025-11-10 12:25:00,986 - analysis.analyzer - INFO -   ✓ Analyzed 2 instances
2025-11-10 12:25:00,986 - analysis.visualizer - INFO - Creating density analysis plot for steady_state...
2025-11-10 12:25:01,526 - analysis.visualizer - INFO -   ✓ Saved density analysis plot to steady_state_analysis.png
2025-11-10 12:25:01,526 - analysis.visualizer - INFO - Plotting top 5 individual motifs...
2025-11-10 12:25:01,835 - analysis.visualizer - INFO -   ✓ Saved 1 motif plots to steady_state/
2025-11-10 12:25:01,836 - analysis.visualizer - INFO - Creating correlation heatmap...
2025-11-10 12:25:02,284 - analysis.visualizer - INFO -   ✓ Saved correlation heatmap to correlation_heatmap.png
2025-11-10 12:25:02,284 - analysis.visualizer - INFO - Creating feature distribution plots...
2025-11-10 12:25:03,415 - analysis.visualizer - INFO -   ✓ Saved feature distributions to feature_distributions.png
2025-11-10 12:25:03,415 - analysis.analyzer - INFO - Analyzing density behavior for 18 motifs...
2025-11-10 12:25:03,415 - analysis.analyzer - INFO -   ✓ Analyzed 0 instances
2025-11-10 12:25:03,415 - analysis.analyzer - INFO - Analyzing density behavior for 11 motifs...
2025-11-10 12:25:03,608 - analysis.analyzer - INFO -   ✓ Analyzed 67 instances
2025-11-10 12:25:03,608 - analysis.analyzer - INFO - Analyzing density behavior for 10 motifs...
2025-11-10 12:25:04,029 - analysis.analyzer - INFO -   ✓ Analyzed 147 instances
2025-11-10 12:25:04,029 - analysis.analyzer - INFO - Analyzing density behavior for 10 motifs...
2025-11-10 12:25:04,588 - analysis.analyzer - INFO -   ✓ Analyzed 181 instances
2025-11-10 12:25:04,589 - analysis.analyzer - INFO - Analyzing density behavior for 1 motifs...
2025-11-10 12:25:04,596 - analysis.analyzer - INFO -   ✓ Analyzed 2 instances
2025-11-10 12:25:04,597 - analysis.analyzer - INFO - Generating summary report...
2025-11-10 12:25:04,600 - analysis.analyzer - INFO -   ✓ Summary report saved to summary_report.txt
2025-11-10 12:25:04,600 - pipeline - INFO - 
✓ Visualizations saved to C:\Projects\experiments\data_preparation\output\plots\mill_8
2025-11-10 12:25:04,600 - pipeline - INFO - 
--------------------------------------------------------------------------------
2025-11-10 12:25:04,600 - pipeline - INFO - STEP 6: SAVING TO DATABASE
2025-11-10 12:25:04,600 - pipeline - INFO - --------------------------------------------------------------------------------
2025-11-10 12:25:04,601 - pipeline - INFO -   Saving segmented motifs for Mill 8...
2025-11-10 12:25:04,601 - pipeline - INFO -   Table will be recreated (if_exists='replace')
2025-11-10 12:25:04,601 - core.data_loader - INFO - Saving motifs data to database table: mills.MOTIFS_08
2025-11-10 12:25:04,601 - core.data_loader - INFO - DataFrame shape: (41280, 23)
2025-11-10 12:25:04,602 - core.data_loader - INFO - DataFrame columns: ['TimeStamp', 'Ore', 'WaterMill', 'WaterZumpf', 'Power', 'ZumpfLevel', 'PressureHC', 'DensityHC', 'FE', 'PulpHC', 'PumpRPM', 'MotorAmp', 'PSI80', 'PSI200', 'Class_15', 'Class_12', 'Grano', 'Daiki', 'Shisti', 'M_solid_to_cyclone', 'CirculativeLoad', 'motif_id', 'pattern_type']
2025-11-10 12:25:04,602 - db.db_connector - INFO - Saving motifs data to database table: mills.MOTIFS_08
2025-11-10 12:25:04,602 - db.db_connector - INFO - DataFrame shape: (41280, 23)
2025-11-10 12:25:04,602 - db.db_connector - INFO - DataFrame columns: ['TimeStamp', 'Ore', 'WaterMill', 'WaterZumpf', 'Power', 'ZumpfLevel', 'PressureHC', 'DensityHC', 'FE', 'PulpHC', 'PumpRPM', 'MotorAmp', 'PSI80', 'PSI200', 'Class_15', 'Class_12', 'Grano', 'Daiki', 'Shisti', 'M_solid_to_cyclone', 'CirculativeLoad', 'motif_id', 'pattern_type']
2025-11-10 12:25:19,323 - db.db_connector - INFO - ✅ Successfully saved 41280 rows to mills.MOTIFS_08
2025-11-10 12:25:19,323 - db.db_connector - INFO -    Action: replace
2025-11-10 12:25:19,330 - db.db_connector - INFO -    Verification: Table mills.MOTIFS_08 now contains 41280 rows
2025-11-10 12:25:19,333 - core.data_loader - INFO - ✅ Successfully saved 41280 rows to mills.MOTIFS_08
2025-11-10 12:25:19,333 - pipeline - INFO - ✓ Segmented data saved to database table: MOTIFS_08
2025-11-10 12:25:19,333 - pipeline - INFO - 
================================================================================
2025-11-10 12:25:19,333 - pipeline - INFO - DATA PREPARATION COMPLETE
2025-11-10 12:25:19,333 - pipeline - INFO - ================================================================================
2025-11-10 12:25:19,333 - pipeline - INFO - Output directory: C:\Projects\experiments\data_preparation\output
2025-11-10 12:25:19,333 - pipeline - INFO - Analysis directory: C:\Projects\experiments\data_preparation\output\analysis
2025-11-10 12:25:19,333 - pipeline - INFO - Plots directory: C:\Projects\experiments\data_preparation\output\plots
2025-11-10 12:25:19,334 - __main__ - INFO - 
✓ Data preparation pipeline completed successfully!
