2025-10-21 15:45:17,228 - __main__ - INFO - 
================================================================================
2025-10-21 15:45:17,228 - __main__ - INFO - STARTING DATA PREPARATION PIPELINE
2025-10-21 15:45:17,228 - __main__ - INFO - ================================================================================
2025-10-21 15:45:17,229 - __main__ - INFO - ============================================================
PIPELINE CONFIGURATION SUMMARY
============================================================

Mill Number: 6
Date Range: 2025-08-20 to 2025-10-19

Features:
  MV: ['Ore', 'WaterMill', 'WaterZumpf', 'MotorAmp']
  CV: ['DensityHC', 'PulpHC', 'PressureHC', 'CirculativeLoad']
  DV: ['Class_15', 'Daiki', 'FE']
  Target: PSI200

Motif Discovery:
  Window Size: 60 min
  Max Motifs: 20
  Radius: 4.5
  Correlation Filter: True

Model Training:
  Test Size: 0.2
  CV Splits: 5

Output Paths:
  Output: C:\Projects\experiments\modeling\output
  Models: C:\Projects\experiments\modeling\models
  Analysis: C:\Projects\experiments\modeling\output\analysis
  Plots: C:\Projects\experiments\modeling\output\plots
============================================================
2025-10-21 15:45:17,235 - __main__ - INFO - 
--------------------------------------------------------------------------------
2025-10-21 15:45:17,235 - __main__ - INFO - STEP 1: LOADING DATA
2025-10-21 15:45:17,235 - __main__ - INFO - --------------------------------------------------------------------------------
2025-10-21 15:45:17,235 - db.db_connector - INFO - Initializing database connection to s.lyubenov@em-m-db4.ellatzite-med.com:5432/em_pulse_data
2025-10-21 15:45:17,324 - db.db_connector - INFO - ✅ Database connection test successful
2025-10-21 15:45:17,324 - database - INFO - ✅ Database connector initialized
2025-10-21 15:45:17,324 - database - INFO - Loading data from database for Mill 6...
2025-10-21 15:45:17,324 - database - INFO -   Date range: 2025-08-20 to 2025-10-19
2025-10-21 15:45:17,325 - database - INFO -   Resample frequency: 1min
2025-10-21 15:45:17,326 - db.db_connector - INFO - === STARTING get_combined_data for Mill 6 ===
2025-10-21 15:45:17,326 - db.db_connector - INFO - DEBUG: Request parameters - mill_number=6, start_date=2025-08-20, end_date=2025-10-19
2025-10-21 15:45:17,326 - db.db_connector - INFO - DEBUG: Additional parameters - resample_freq=1min, save_to_logs=False, no_interpolation=True
2025-10-21 15:45:17,326 - db.db_connector - INFO - Retrieving mill data for mill 6 from 2025-08-20 to 2025-10-19
2025-10-21 15:45:17,326 - db.db_connector - INFO - DEBUG: get_mill_data called with mill_number=6, start_date=2025-08-20, end_date=2025-10-19
2025-10-21 15:45:17,326 - db.db_connector - INFO - DEBUG: Current time: 2025-10-21 15:45:17.326918
2025-10-21 15:45:17,329 - db.db_connector - INFO - DEBUG: Parsed start_date: 2025-08-20 00:00:00 (timezone: None)
2025-10-21 15:45:17,329 - db.db_connector - INFO - DEBUG: Parsed end_date: 2025-10-19 00:00:00 (timezone: None)
2025-10-21 15:45:17,330 - db.db_connector - INFO - DEBUG: Days from now to end_date: -3
2025-10-21 15:45:17,330 - db.db_connector - INFO - DEBUG: Converted start_date 2025-08-20 -> 2025-08-20 00:00:00
2025-10-21 15:45:17,331 - db.db_connector - INFO - DEBUG: Converted end_date 2025-10-19 -> 2025-10-19 00:00:00
2025-10-21 15:45:17,331 - db.db_connector - INFO - DEBUG: Executing query: SELECT * FROM mills."MILL_06" WHERE "TimeStamp" >= '2025-08-20 00:00:00' AND "TimeStamp" <= '2025-10-19 00:00:00'
2025-10-21 15:45:17,332 - db.db_connector - INFO - DEBUG: Query will search table: mills."MILL_06"
2025-10-21 15:45:17,363 - db.db_connector - INFO - DEBUG: Table MILL_06 has 419351 total records
2025-10-21 15:45:17,363 - db.db_connector - INFO - DEBUG: Table MILL_06 date range: 2025-01-01 02:07:00 to 2025-10-19 08:19:00
2025-10-21 15:45:17,385 - db.db_connector - INFO - DEBUG: Table MILL_06 has 97633 records after 2025-08-12 12:54:00
2025-10-21 15:45:18,075 - db.db_connector - INFO - Retrieved 86389 rows for Mill 6
2025-10-21 15:45:18,076 - db.db_connector - INFO - DEBUG: Mill data date range: 2025-08-20 00:00:00 to 2025-10-19 00:00:00
2025-10-21 15:45:18,077 - db.db_connector - INFO - DEBUG: Last 5 timestamps in mill data: [Timestamp('2025-10-18 23:56:00'), Timestamp('2025-10-18 23:57:00'), Timestamp('2025-10-18 23:58:00'), Timestamp('2025-10-18 23:59:00'), Timestamp('2025-10-19 00:00:00')]
2025-10-21 15:45:18,080 - db.db_connector - INFO - DEBUG: Records after 2025-08-12 12:54:00: 86389
2025-10-21 15:45:18,080 - db.db_connector - INFO - DEBUG: First timestamp after cutoff: 2025-08-20 00:00:00
2025-10-21 15:45:18,081 - db.db_connector - INFO - DEBUG: Last timestamp after cutoff: 2025-10-19 00:00:00
2025-10-21 15:45:18,081 - db.db_connector - INFO - Mill data retrieved: 86389 rows, 13 columns
2025-10-21 15:45:18,081 - db.db_connector - INFO - Mill data columns: ['Ore', 'WaterMill', 'WaterZumpf', 'Power', 'ZumpfLevel', 'PressureHC', 'DensityHC', 'FE', 'PulpHC', 'PumpRPM', 'MotorAmp', 'PSI80', 'PSI200']
2025-10-21 15:45:18,090 - db.db_connector - INFO - Mill data sample:
                            Ore  WaterMill  ...      PSI80     PSI200
TimeStamp                                   ...                      
2025-08-20 00:00:00  181.557000  16.865936  ...  52.000000  20.900000
2025-08-20 00:01:00  181.557000  16.904759  ...  52.000000  20.900000
2025-08-20 00:02:00  182.285591  16.968104  ...  51.216327  21.781633

[3 rows x 13 columns]
2025-10-21 15:45:18,102 - db.db_connector - INFO - DEBUG: process_dataframe date filtering - start=2025-08-20 00:00:00, end=2025-10-19 00:00:00
2025-10-21 15:45:18,102 - db.db_connector - INFO - DEBUG: Before date filtering: 86389 rows, date range: 2025-08-20 00:00:00 to 2025-10-19 00:00:00
2025-10-21 15:45:18,105 - db.db_connector - INFO - DEBUG: After start date filter (2025-08-20 00:00:00): 86389 rows (removed 0 rows)
2025-10-21 15:45:18,107 - db.db_connector - INFO - DEBUG: After end date filter (2025-10-19 00:00:00): 86389 rows (removed 0 rows)
2025-10-21 15:45:18,107 - db.db_connector - INFO - DEBUG: After date filtering: 86389 rows, date range: 2025-08-20 00:00:00 to 2025-10-19 00:00:00
2025-10-21 15:45:18,161 - db.db_connector - INFO - Applied resampling with interpolation
2025-10-21 15:45:18,186 - db.db_connector - INFO - Applied smoothing with rolling window of size 15
2025-10-21 15:45:18,186 - db.db_connector - INFO - Resampled data to 1min frequency
2025-10-21 15:45:18,188 - db.db_connector - INFO - Processed mill data: 86401 rows, 13 columns
2025-10-21 15:45:18,188 - db.db_connector - INFO - Retrieving ore quality data
2025-10-21 15:45:18,188 - db.db_connector - INFO - DEBUG: get_ore_quality called with start_date=2025-08-20, end_date=2025-10-19
2025-10-21 15:45:18,189 - db.db_connector - INFO - DEBUG: Ore quality parsed start_date: 2025-08-20 00:00:00 (timezone: None)
2025-10-21 15:45:18,189 - db.db_connector - INFO - DEBUG: Ore quality parsed end_date: 2025-10-19 00:00:00 (timezone: None)
2025-10-21 15:45:18,190 - db.db_connector - INFO - DEBUG: Ore quality converted start_date 2025-08-20 -> 2025-08-20 00:00:00
2025-10-21 15:45:18,191 - db.db_connector - INFO - DEBUG: Ore quality converted end_date 2025-10-19 -> 2025-10-19 00:00:00
2025-10-21 15:45:18,191 - db.db_connector - INFO - DEBUG: Executing ore quality query: SELECT * FROM mills.ore_quality WHERE "TimeStamp" >= '2025-08-20 00:00:00' AND "TimeStamp" <= '2025-10-19 00:00:00'
2025-10-21 15:45:18,194 - db.db_connector - INFO - DEBUG: ore_quality table has 876 total records
2025-10-21 15:45:18,194 - db.db_connector - INFO - DEBUG: ore_quality table date range: 2025-01-01 06:00:00 to 2025-10-19 22:00:00
2025-10-21 15:45:18,196 - db.db_connector - INFO - DEBUG: ore_quality table has 206 records after 2025-08-12 12:54:00
2025-10-21 15:45:18,198 - db.db_connector - INFO - DEBUG: ore_quality has 180 records in requested range 2025-08-20 to 2025-10-19
2025-10-21 15:45:18,202 - db.db_connector - INFO - Retrieved 180 rows of ore quality data
2025-10-21 15:45:18,204 - db.db_connector - INFO - DEBUG: Ore quality data date range: 2025-08-20 06:00:00 to 2025-10-18 22:00:00
2025-10-21 15:45:18,204 - db.db_connector - INFO - DEBUG: Last 5 timestamps in ore quality data: [Timestamp('2025-10-17 14:00:00'), Timestamp('2025-10-17 22:00:00'), Timestamp('2025-10-18 06:00:00'), Timestamp('2025-10-18 14:00:00'), Timestamp('2025-10-18 22:00:00')]
2025-10-21 15:45:18,205 - db.db_connector - INFO - DEBUG: Ore quality records after 2025-08-12 12:54:00: 180
2025-10-21 15:45:18,205 - db.db_connector - INFO - Ore data retrieved: 180 rows, 11 columns
2025-10-21 15:45:18,205 - db.db_connector - INFO - Ore data columns: ['id', 'Date', 'Shift', 'TimeStamp', 'Class_15', 'Class_12', 'Grano', 'Daiki', 'Shisti', 'Original_Sheet', 'Created_At']
2025-10-21 15:45:18,206 - db.db_connector - INFO - DEBUG: process_dataframe date filtering - start=2025-08-20 00:00:00, end=2025-10-19 00:00:00
2025-10-21 15:45:18,206 - db.db_connector - INFO - DEBUG: Before date filtering: 180 rows, date range: 2025-08-20 06:00:00 to 2025-10-18 22:00:00
2025-10-21 15:45:18,207 - db.db_connector - INFO - DEBUG: After start date filter (2025-08-20 00:00:00): 180 rows (removed 0 rows)
2025-10-21 15:45:18,207 - db.db_connector - INFO - DEBUG: After end date filter (2025-10-19 00:00:00): 180 rows (removed 0 rows)
2025-10-21 15:45:18,207 - db.db_connector - INFO - DEBUG: After date filtering: 180 rows, date range: 2025-08-20 06:00:00 to 2025-10-18 22:00:00
2025-10-21 15:45:18,220 - db.db_connector - INFO - Applied resampling with constant values (no interpolation or smoothing)
2025-10-21 15:45:18,220 - db.db_connector - INFO - Resampled data to 1min frequency
2025-10-21 15:45:18,222 - db.db_connector - INFO - Processed ore data: 85921 rows, 9 columns - with constant values (no interpolation)
2025-10-21 15:45:18,223 - db.db_connector - INFO - DF1 (mill): 86401 rows, index range: 2025-08-20 00:00:00 to 2025-10-19 00:00:00
2025-10-21 15:45:18,223 - db.db_connector - INFO - DF2 (ore): 85921 rows, index range: 2025-08-20 06:00:00 to 2025-10-18 22:00:00
2025-10-21 15:45:18,223 - db.db_connector - INFO - Found 85921 common timestamps
2025-10-21 15:45:18,238 - db.db_connector - INFO - Successfully joined dataframes: 85921 rows, 22 columns
2025-10-21 15:45:18,238 - db.db_connector - INFO - Joined dataframe columns: ['Ore', 'WaterMill', 'WaterZumpf', 'Power', 'ZumpfLevel', 'PressureHC', 'DensityHC', 'FE', 'PulpHC', 'PumpRPM', 'MotorAmp', 'PSI80', 'PSI200', 'id', 'Date', 'Shift', 'Class_15', 'Class_12', 'Grano', 'Daiki', 'Shisti', 'Original_Sheet']
2025-10-21 15:45:18,238 - db.db_connector - INFO - DEBUG: Final combined data date range: 2025-08-20 06:00:00 to 2025-10-18 22:00:00
2025-10-21 15:45:18,251 - db.db_connector - INFO - DEBUG: Combined data records after 2025-08-12 12:54:00: 85921
2025-10-21 15:45:18,251 - db.db_connector - INFO - DEBUG: SUCCESS - Combined data extends beyond 2025-08-12 with 85921 records
2025-10-21 15:45:18,252 - db.db_connector - INFO - 
=== Combined Dataframe Head (first 3 rows) ===
2025-10-21 15:45:18,257 - db.db_connector - INFO -                         Ore  WaterMill  WaterZumpf        Power   ZumpfLevel  PressureHC    DensityHC        FE      PulpHC     PumpRPM    MotorAmp      PSI80     PSI200   id  Date  Shift  Class_15  Class_12  Grano  Daiki  Shisti  Original_Sheet
TimeStamp                                                                                                                                                                                                                                            
2025-08-20 06:00:00  183.86  17.055654  160.167630  1996.986947  1599.186917    0.474443  1665.372881  3.823867  554.752728  703.051266  210.112138  50.891828  22.068006  694   NaN      1       1.0       6.2  0.738  0.208   0.054             NaN
2025-08-20 06:01:00  183.86  17.042846  162.262963  1995.476894  1598.304249    0.474109  1665.749170  3.824933  554.565172  703.179260  209.921031  50.865161  22.094672  694   NaN      1       1.0       6.2  0.738  0.208   0.054             NaN
2025-08-20 06:02:00  183.86  17.037084  162.091912  1993.315325  1600.078242    0.473947  1665.613778  3.829667  554.971853  703.383504  209.622913  50.838495  22.121339  694   NaN      1       1.0       6.2  0.738  0.208   0.054             NaN
2025-10-21 15:45:18,257 - db.db_connector - INFO - 
=== Combined Dataframe Tail (last 3 rows) ===
2025-10-21 15:45:18,261 - db.db_connector - INFO -                             Ore  WaterMill  WaterZumpf        Power   ZumpfLevel  PressureHC    DensityHC        FE      PulpHC  PumpRPM    MotorAmp      PSI80     PSI200   id  Date  Shift  Class_15  Class_12  Grano  Daiki  Shisti  Original_Sheet
TimeStamp                                                                                                                                                                                                                                             
2025-10-18 21:58:00  184.983100  17.116227  163.725272  1953.412516  1578.891076    0.458463  1671.000365  3.466000  580.919349   731.58  206.456408  47.475000  25.725000  872   NaN      2       1.1       5.6  0.678  0.247   0.075             NaN
2025-10-18 21:59:00  184.924767  17.131345  163.906099  1950.305726  1579.555746    0.458307  1671.124744  3.468867  581.347279   731.58  206.137138  47.388333  25.811667  872   NaN      2       1.1       5.6  0.678  0.247   0.075             NaN
2025-10-18 22:00:00  184.866433  17.132532  164.535689  1947.714174  1580.133010    0.458395  1671.160114  3.471733  581.607567   731.58  205.816949  47.301667  25.898333  873   NaN      3       1.1       7.0  0.664  0.263   0.073             NaN
2025-10-21 15:45:18,261 - db.db_connector - INFO - ==================================================
2025-10-21 15:45:18,262 - db.db_connector - INFO - Combined data has 85921 rows and 22 columns
2025-10-21 15:45:18,264 - db.db_connector - INFO - Combined data columns: ['Ore', 'WaterMill', 'WaterZumpf', 'Power', 'ZumpfLevel', 'PressureHC', 'DensityHC', 'FE', 'PulpHC', 'PumpRPM', 'MotorAmp', 'PSI80', 'PSI200', 'id', 'Date', 'Shift', 'Class_15', 'Class_12', 'Grano', 'Daiki', 'Shisti', 'Original_Sheet']
2025-10-21 15:45:18,274 - db.db_connector - INFO - Combined data sample:
                        Ore  WaterMill  ...  Shisti  Original_Sheet
TimeStamp                               ...                        
2025-08-20 06:00:00  183.86  17.055654  ...   0.054             NaN
2025-08-20 06:01:00  183.86  17.042846  ...   0.054             NaN
2025-08-20 06:02:00  183.86  17.037084  ...   0.054             NaN

[3 rows x 22 columns]
2025-10-21 15:45:18,275 - db.db_connector - INFO - === COMPLETED get_combined_data for Mill 6 ===
2025-10-21 15:45:18,275 - db.db_connector - INFO - DEBUG: Final result - 85921 total records
2025-10-21 15:45:18,275 - db.db_connector - INFO - DEBUG: Final date range: 2025-08-20 06:00:00 to 2025-10-18 22:00:00
2025-10-21 15:45:18,301 - database - INFO -   ✓ Loaded 85921 rows, 24 columns
2025-10-21 15:45:19,409 - database - INFO -   ✓ Cached to C:\Projects\experiments\modeling\output\initial_data.csv
2025-10-21 15:45:19,410 - database - INFO - ✓ All 11 required columns present
2025-10-21 15:45:19,410 - database - INFO - Applying data filters...
2025-10-21 15:45:19,414 - database - INFO -   Ore: 100 < x < 220
2025-10-21 15:45:19,414 - database - INFO -   PulpHC: 400 < x < 600
2025-10-21 15:45:19,415 - database - INFO -   DensityHC: 1600 < x < 1800
2025-10-21 15:45:19,422 - database - INFO -   ✓ Filtered: 82985 rows kept, 2936 removed (3.4%)
2025-10-21 15:45:19,423 - circulative_load - INFO - Calculating circulative load...
2025-10-21 15:45:19,423 - circulative_load - INFO -   Using rho_solid = 2900 kg/m³
2025-10-21 15:45:19,430 - circulative_load - INFO -   ✓ Circulative load calculated for 82985 rows
2025-10-21 15:45:19,431 - circulative_load - INFO -     Mean: 2.186
2025-10-21 15:45:19,432 - circulative_load - INFO -     Median: 2.227
2025-10-21 15:45:19,433 - circulative_load - INFO -     Std: 0.240
2025-10-21 15:45:19,433 - circulative_load - INFO -     Min: 1.114
2025-10-21 15:45:19,433 - circulative_load - INFO -     Max: 4.476
2025-10-21 15:45:19,434 - circulative_load - INFO -     Values in typical range [1.5, 3.0]: 80152/82985 (96.6%)
2025-10-21 15:45:19,435 - circulative_load - INFO - Validating circulative load values...
2025-10-21 15:45:19,436 - circulative_load - INFO -   Total rows: 82985
2025-10-21 15:45:19,436 - circulative_load - INFO -   Valid values: 82985 (100.0%)
2025-10-21 15:45:19,437 - circulative_load - INFO -   Invalid/NaN values: 0 (0.0%)
2025-10-21 15:45:19,437 - circulative_load - INFO -   Out of range [0.5, 5.0]: 0 (0.0%)
2025-10-21 15:45:19,437 - __main__ - INFO -   ✓ Circulative load calculation complete
2025-10-21 15:45:20,740 - __main__ - INFO -   ✓ Updated data with circulative load saved to initial_data.csv
2025-10-21 15:45:20,741 - __main__ - INFO - ✓ Data loaded and filtered: 82985 rows
2025-10-21 15:45:20,741 - __main__ - INFO - 
--------------------------------------------------------------------------------
2025-10-21 15:45:20,742 - __main__ - INFO - STEP 2: DISCOVERING MV MOTIFS
2025-10-21 15:45:20,742 - __main__ - INFO - --------------------------------------------------------------------------------
2025-10-21 15:45:20,742 - motif_discovery - INFO - Discovering motifs in 4 features...
2025-10-21 15:45:20,742 - motif_discovery - INFO -   Window size: 60
2025-10-21 15:45:20,742 - motif_discovery - INFO -   Max motifs: 20
2025-10-21 15:45:20,743 - motif_discovery - INFO -   Radius: 4.5
2025-10-21 15:45:20,745 - motif_discovery - INFO -   Computing multivariate matrix profile...
2025-10-21 15:50:45,396 - motif_discovery - INFO -   Discovering motif groups...
2025-10-21 15:50:48,733 - motif_discovery - INFO -   ✓ Found 20 motif groups
2025-10-21 15:50:48,733 - motif_discovery - INFO -   ✓ Total instances: 135
2025-10-21 15:50:48,733 - motif_discovery - INFO -   ✓ Average distance: 2.282
2025-10-21 15:50:48,734 - __main__ - INFO - 
Applying correlation filter...
2025-10-21 15:50:48,735 - motif_discovery - INFO - Filtering motifs by correlation constraints...
2025-10-21 15:50:48,735 - motif_discovery - INFO -   Filter level: instance
2025-10-21 15:50:48,735 - motif_discovery - INFO -   Min correlation strength: 0.1
2025-10-21 15:50:48,735 - motif_discovery - INFO -   Rules:
2025-10-21 15:50:48,735 - motif_discovery - INFO -     PressureHC vs PulpHC: pos
2025-10-21 15:50:48,735 - motif_discovery - INFO -     WaterZumpf vs PressureHC: pos
2025-10-21 15:50:48,736 - motif_discovery - INFO -   ✓ Filtered: 20 motifs kept
2025-10-21 15:50:48,737 - __main__ - INFO -   ✓ Correlation stats saved to correlation_stats.json
2025-10-21 15:50:48,737 - __main__ - INFO - ✓ MV motif discovery complete: 20 motifs
2025-10-21 15:50:48,737 - __main__ - INFO - 
--------------------------------------------------------------------------------
2025-10-21 15:50:48,737 - __main__ - INFO - STEP 3: DISCOVERING DENSITY MOTIFS
2025-10-21 15:50:48,737 - __main__ - INFO - --------------------------------------------------------------------------------
2025-10-21 15:50:48,737 - density_analysis - INFO - Discovering density motifs with variability constraints...
2025-10-21 15:50:48,737 - density_analysis - INFO -   Constraint: WaterZumpf stable, Ore & WaterMill variable
2025-10-21 15:50:48,739 - density_analysis - INFO -   Window size: 60 minutes
2025-10-21 15:50:48,739 - density_analysis - INFO -   Max motifs: 15
2025-10-21 15:50:48,739 - density_analysis - INFO -   Radius: 4.5
2025-10-21 15:50:48,741 - density_analysis - INFO -   Computing multivariate matrix profile...
2025-10-21 15:54:51,409 - density_analysis - INFO -   Discovering motifs with variability filtering...
2025-10-21 15:56:46,023 - density_analysis - INFO -   ✓ Found 8 motif groups
2025-10-21 15:56:46,024 - density_analysis - INFO -   ✓ Total instances: 33
2025-10-21 15:56:46,025 - __main__ - INFO - ✓ Density motif discovery complete: 8 motifs
2025-10-21 15:56:46,025 - __main__ - INFO - 
--------------------------------------------------------------------------------
2025-10-21 15:56:46,025 - __main__ - INFO - STEP 4: ANALYZING DENSITY BEHAVIOR
2025-10-21 15:56:46,026 - __main__ - INFO - --------------------------------------------------------------------------------
2025-10-21 15:56:46,026 - density_analysis - INFO - Analyzing density behavior in motifs...
2025-10-21 15:56:46,026 - density_analysis - INFO - 
Motif 1 (12 instances):
2025-10-21 15:56:46,056 - density_analysis - INFO -   Avg DensityHC change: +0.02
2025-10-21 15:56:46,056 - density_analysis - INFO -   Ore-Density correlation: -0.123 (lag: 0 min)
2025-10-21 15:56:46,056 - density_analysis - INFO -   WaterMill-Density correlation: -0.135 (lag: 0 min)
2025-10-21 15:56:46,056 - density_analysis - INFO - 
Motif 2 (4 instances):
2025-10-21 15:56:46,064 - density_analysis - INFO -   Avg DensityHC change: +12.80
2025-10-21 15:56:46,064 - density_analysis - INFO -   Ore-Density correlation: -0.463 (lag: 0 min)
2025-10-21 15:56:46,065 - density_analysis - INFO -   WaterMill-Density correlation: -0.451 (lag: 0 min)
2025-10-21 15:56:46,066 - density_analysis - INFO - 
Motif 3 (2 instances):
2025-10-21 15:56:46,071 - density_analysis - INFO -   Avg DensityHC change: +35.41
2025-10-21 15:56:46,071 - density_analysis - INFO -   Ore-Density correlation: +0.110 (lag: -1 min)
2025-10-21 15:56:46,072 - density_analysis - INFO -   WaterMill-Density correlation: +0.061 (lag: -0 min)
2025-10-21 15:56:46,072 - density_analysis - INFO - 
Motif 4 (5 instances):
2025-10-21 15:56:46,081 - density_analysis - INFO -   Avg DensityHC change: +0.11
2025-10-21 15:56:46,082 - density_analysis - INFO -   Ore-Density correlation: -0.057 (lag: 0 min)
2025-10-21 15:56:46,082 - density_analysis - INFO -   WaterMill-Density correlation: +0.007 (lag: 0 min)
2025-10-21 15:56:46,082 - density_analysis - INFO - 
Motif 5 (3 instances):
2025-10-21 15:56:46,090 - density_analysis - INFO -   Avg DensityHC change: +3.98
2025-10-21 15:56:46,090 - density_analysis - INFO -   Ore-Density correlation: -0.013 (lag: 0 min)
2025-10-21 15:56:46,091 - density_analysis - INFO -   WaterMill-Density correlation: -0.155 (lag: 0 min)
2025-10-21 15:56:46,091 - density_analysis - INFO - 
Motif 6 (3 instances):
2025-10-21 15:56:46,097 - density_analysis - INFO -   Avg DensityHC change: +7.83
2025-10-21 15:56:46,097 - density_analysis - INFO -   Ore-Density correlation: +0.766 (lag: 0 min)
2025-10-21 15:56:46,097 - density_analysis - INFO -   WaterMill-Density correlation: +0.747 (lag: -1 min)
2025-10-21 15:56:46,098 - density_analysis - INFO - 
Motif 7 (2 instances):
2025-10-21 15:56:46,102 - density_analysis - INFO -   Avg DensityHC change: -0.90
2025-10-21 15:56:46,102 - density_analysis - INFO -   Ore-Density correlation: -0.036 (lag: -11 min)
2025-10-21 15:56:46,103 - density_analysis - INFO -   WaterMill-Density correlation: -0.044 (lag: -2 min)
2025-10-21 15:56:46,103 - density_analysis - INFO - 
Motif 8 (2 instances):
2025-10-21 15:56:46,107 - density_analysis - INFO -   Avg DensityHC change: -4.00
2025-10-21 15:56:46,107 - density_analysis - INFO -   Ore-Density correlation: +0.740 (lag: 6 min)
2025-10-21 15:56:46,108 - density_analysis - INFO -   WaterMill-Density correlation: +0.720 (lag: 1 min)
2025-10-21 15:56:46,109 - __main__ - INFO -   ✓ Density analysis saved to density_analysis.csv
2025-10-21 15:56:46,109 - __main__ - INFO - 
--------------------------------------------------------------------------------
2025-10-21 15:56:46,109 - __main__ - INFO - STEP 5: MERGING MOTIF COLLECTIONS
2025-10-21 15:56:46,109 - __main__ - INFO - --------------------------------------------------------------------------------
2025-10-21 15:56:46,109 - segmentation - INFO - Merging motif collections...
2025-10-21 15:56:46,109 - segmentation - INFO -   Primary motifs: 20
2025-10-21 15:56:46,111 - segmentation - INFO -   Secondary motifs: 8
2025-10-21 15:56:46,111 - segmentation - INFO -   ✓ Merged: 28 total motifs
2025-10-21 15:56:46,111 - __main__ - INFO - ✓ Total motifs: 28
2025-10-21 15:56:46,111 - __main__ - INFO - 
--------------------------------------------------------------------------------
2025-10-21 15:56:46,111 - __main__ - INFO - STEP 6: CREATING SEGMENTED DATASET
2025-10-21 15:56:46,111 - __main__ - INFO - --------------------------------------------------------------------------------
2025-10-21 15:56:46,111 - __main__ - INFO -   Creating MV motifs dataset (20 motifs)...
2025-10-21 15:56:46,111 - segmentation - INFO - Creating segmented dataset from motifs...
2025-10-21 15:56:46,184 - segmentation - INFO -   ✓ Created segmented dataset:
2025-10-21 15:56:46,185 - segmentation - INFO -     - Total segments: 135
2025-10-21 15:56:46,185 - segmentation - INFO -     - Total rows: 8100
2025-10-21 15:56:46,185 - segmentation - INFO -     - Unique motifs: 20
2025-10-21 15:56:46,187 - __main__ - INFO -   Creating complete dataset (28 motifs)...
2025-10-21 15:56:46,187 - segmentation - INFO - Creating segmented dataset from motifs...
2025-10-21 15:56:46,280 - segmentation - INFO -   ✓ Created segmented dataset:
2025-10-21 15:56:46,281 - segmentation - INFO -     - Total segments: 168
2025-10-21 15:56:46,281 - segmentation - INFO -     - Total rows: 10080
2025-10-21 15:56:46,282 - segmentation - INFO -     - Unique motifs: 28
2025-10-21 15:56:46,431 - __main__ - INFO -   ✓ MV motifs data saved to segmented_motifsMV.csv (8100 rows)
2025-10-21 15:56:46,614 - __main__ - INFO -   ✓ Complete data saved to segmented_motifs_all.csv (10080 rows)
2025-10-21 15:56:46,615 - __main__ - INFO - 
--------------------------------------------------------------------------------
2025-10-21 15:56:46,615 - __main__ - INFO - STEP 7: GENERATING ANALYSIS OUTPUTS
2025-10-21 15:56:46,615 - __main__ - INFO - --------------------------------------------------------------------------------
2025-10-21 15:56:46,615 - segmentation - INFO - Extracting motif summaries...
2025-10-21 15:56:46,625 - segmentation - INFO -   ✓ Created summary for 28 motifs
2025-10-21 15:56:46,626 - __main__ - INFO -   ✓ Motif summary saved to motif_summary.csv
2025-10-21 15:56:46,627 - segmentation - INFO - Creating instance catalog...
2025-10-21 15:56:46,629 - segmentation - INFO -   ✓ Cataloged 168 instances
2025-10-21 15:56:46,631 - __main__ - INFO -   ✓ Instance catalog saved to instance_catalog.csv
2025-10-21 15:56:46,631 - segmentation - INFO - Calculating segment statistics...
2025-10-21 15:56:46,665 - segmentation - INFO -   ✓ Calculated statistics for 28 motifs
2025-10-21 15:56:46,667 - __main__ - INFO -   ✓ Segment statistics saved to segment_statistics.csv
2025-10-21 15:56:46,667 - visualization - INFO - Creating summary report...
2025-10-21 15:56:46,669 - visualization - INFO -   ✓ Saved summary report to summary_report.txt
2025-10-21 15:56:46,669 - __main__ - INFO - 
--------------------------------------------------------------------------------
2025-10-21 15:56:46,669 - __main__ - INFO - STEP 8: CREATING VISUALIZATIONS
2025-10-21 15:56:46,669 - __main__ - INFO - --------------------------------------------------------------------------------
2025-10-21 15:56:46,669 - visualization - INFO - Plotting top 10 motifs...
2025-10-21 15:56:47,170 - visualization - INFO -   ✓ Saved motif 1 plot to motif_01.png
2025-10-21 15:56:47,681 - visualization - INFO -   ✓ Saved motif 2 plot to motif_02.png
2025-10-21 15:56:48,258 - visualization - INFO -   ✓ Saved motif 3 plot to motif_03.png
2025-10-21 15:56:48,745 - visualization - INFO -   ✓ Saved motif 4 plot to motif_04.png
2025-10-21 15:56:49,251 - visualization - INFO -   ✓ Saved motif 5 plot to motif_05.png
2025-10-21 15:56:49,755 - visualization - INFO -   ✓ Saved motif 6 plot to motif_06.png
2025-10-21 15:56:50,214 - visualization - INFO -   ✓ Saved motif 7 plot to motif_07.png
2025-10-21 15:56:50,703 - visualization - INFO -   ✓ Saved motif 8 plot to motif_08.png
2025-10-21 15:56:51,146 - visualization - INFO -   ✓ Saved motif 9 plot to motif_09.png
2025-10-21 15:56:51,609 - visualization - INFO -   ✓ Saved motif 10 plot to motif_10.png
2025-10-21 15:56:51,609 - visualization - INFO - Creating motif overview plot...
2025-10-21 15:56:52,129 - visualization - INFO -   ✓ Saved overview plot to motif_overview.png
2025-10-21 15:56:52,130 - visualization - INFO - Creating density analysis plot...
2025-10-21 15:56:52,686 - visualization - INFO -   ✓ Saved density analysis plot to density_analysis.png
2025-10-21 15:56:52,686 - visualization - INFO - Creating correlation heatmap...
2025-10-21 15:56:52,987 - visualization - INFO -   ✓ Saved correlation heatmap to correlation_heatmap.png
2025-10-21 15:56:52,987 - visualization - INFO - Creating feature distribution plots...
2025-10-21 15:56:54,272 - visualization - INFO -   ✓ Saved feature distributions to feature_distributions.png
2025-10-21 15:56:54,272 - __main__ - INFO - ✓ Visualizations saved to C:\Projects\experiments\modeling\output\plots\mill_6
2025-10-21 15:56:54,272 - __main__ - INFO - 
================================================================================
2025-10-21 15:56:54,272 - __main__ - INFO - DATA PREPARATION COMPLETE
2025-10-21 15:56:54,273 - __main__ - INFO - ================================================================================
2025-10-21 15:56:54,273 - __main__ - INFO - Segmented data saved to: C:\Projects\experiments\modeling\output
2025-10-21 15:56:54,273 - __main__ - INFO - Analysis files saved to: C:\Projects\experiments\modeling\output\analysis
2025-10-21 15:56:54,273 - __main__ - INFO - Plots saved to: C:\Projects\experiments\modeling\output\plots
2025-10-21 15:56:54,273 - __main__ - INFO - 
✓ Data preparation pipeline completed successfully!
2025-10-22 16:11:10,632 - __main__ - INFO - 
================================================================================
2025-10-22 16:11:10,632 - __main__ - INFO - STARTING DATA PREPARATION PIPELINE
2025-10-22 16:11:10,632 - __main__ - INFO - ================================================================================
2025-10-22 16:11:10,632 - __main__ - INFO - ============================================================
PIPELINE CONFIGURATION SUMMARY
============================================================

Mill Number: 8
Date Range: 2025-01-01 to 2025-10-19

Features:
  MV: ['Ore', 'WaterMill', 'WaterZumpf']
  CV: ['DensityHC', 'PulpHC', 'PressureHC', 'CirculativeLoad']
  DV: ['Class_15', 'Daiki', 'FE']
  Target: PSI200

Motif Discovery:
  Window Size: 60 min
  Max Motifs: 20
  Radius: 4.5
  Correlation Filter: True

Model Training:
  Test Size: 0.2
  CV Splits: 5

Output Paths:
  Output: C:\Projects\experiments\modeling\output
  Models: C:\Projects\experiments\modeling\models
  Analysis: C:\Projects\experiments\modeling\output\analysis
  Plots: C:\Projects\experiments\modeling\output\plots
============================================================
2025-10-22 16:11:10,633 - __main__ - INFO - 
--------------------------------------------------------------------------------
2025-10-22 16:11:10,633 - __main__ - INFO - STEP 1: LOADING DATA
2025-10-22 16:11:10,633 - __main__ - INFO - --------------------------------------------------------------------------------
2025-10-22 16:11:10,634 - db.db_connector - INFO - Initializing database connection to s.lyubenov@em-m-db4.ellatzite-med.com:5432/em_pulse_data
2025-10-22 16:11:10,751 - db.db_connector - INFO - ✅ Database connection test successful
2025-10-22 16:11:10,751 - database - INFO - ✅ Database connector initialized
2025-10-22 16:11:10,751 - database - INFO - Loading data from database for Mill 8...
2025-10-22 16:11:10,752 - database - INFO -   Date range: 2025-01-01 to 2025-10-19
2025-10-22 16:11:10,752 - database - INFO -   Resample frequency: 1min
2025-10-22 16:11:10,752 - db.db_connector - INFO - === STARTING get_combined_data for Mill 8 ===
2025-10-22 16:11:10,752 - db.db_connector - INFO - DEBUG: Request parameters - mill_number=8, start_date=2025-01-01, end_date=2025-10-19
2025-10-22 16:11:10,752 - db.db_connector - INFO - DEBUG: Additional parameters - resample_freq=1min, save_to_logs=False, no_interpolation=True
2025-10-22 16:11:10,752 - db.db_connector - INFO - Retrieving mill data for mill 8 from 2025-01-01 to 2025-10-19
2025-10-22 16:11:10,753 - db.db_connector - INFO - DEBUG: get_mill_data called with mill_number=8, start_date=2025-01-01, end_date=2025-10-19
2025-10-22 16:11:10,753 - db.db_connector - INFO - DEBUG: Current time: 2025-10-22 16:11:10.753284
2025-10-22 16:11:10,754 - db.db_connector - INFO - DEBUG: Parsed start_date: 2025-01-01 00:00:00 (timezone: None)
2025-10-22 16:11:10,755 - db.db_connector - INFO - DEBUG: Parsed end_date: 2025-10-19 00:00:00 (timezone: None)
2025-10-22 16:11:10,755 - db.db_connector - INFO - DEBUG: Days from now to end_date: -4
2025-10-22 16:11:10,755 - db.db_connector - INFO - DEBUG: Converted start_date 2025-01-01 -> 2025-01-01 00:00:00
2025-10-22 16:11:10,756 - db.db_connector - INFO - DEBUG: Converted end_date 2025-10-19 -> 2025-10-19 00:00:00
2025-10-22 16:11:10,756 - db.db_connector - INFO - DEBUG: Executing query: SELECT * FROM mills."MILL_08" WHERE "TimeStamp" >= '2025-01-01 00:00:00' AND "TimeStamp" <= '2025-10-19 00:00:00'
2025-10-22 16:11:10,756 - db.db_connector - INFO - DEBUG: Query will search table: mills."MILL_08"
2025-10-22 16:11:10,819 - db.db_connector - INFO - DEBUG: Table MILL_08 has 419390 total records
2025-10-22 16:11:10,820 - db.db_connector - INFO - DEBUG: Table MILL_08 date range: 2025-01-01 02:07:00 to 2025-10-19 08:58:00
2025-10-22 16:11:10,836 - db.db_connector - INFO - DEBUG: Table MILL_08 has 97672 records after 2025-08-12 12:54:00
2025-10-22 16:11:13,977 - db.db_connector - INFO - Retrieved 418852 rows for Mill 8
2025-10-22 16:11:13,978 - db.db_connector - INFO - DEBUG: Mill data date range: 2025-01-01 02:07:00 to 2025-10-19 00:00:00
2025-10-22 16:11:13,978 - db.db_connector - INFO - DEBUG: Last 5 timestamps in mill data: [Timestamp('2025-10-18 23:56:00'), Timestamp('2025-10-18 23:57:00'), Timestamp('2025-10-18 23:58:00'), Timestamp('2025-10-18 23:59:00'), Timestamp('2025-10-19 00:00:00')]
2025-10-22 16:11:13,984 - db.db_connector - INFO - DEBUG: Records after 2025-08-12 12:54:00: 97134
2025-10-22 16:11:13,984 - db.db_connector - INFO - DEBUG: First timestamp after cutoff: 2025-08-12 12:55:00
2025-10-22 16:11:13,984 - db.db_connector - INFO - DEBUG: Last timestamp after cutoff: 2025-10-19 00:00:00
2025-10-22 16:11:13,984 - db.db_connector - INFO - Mill data retrieved: 418852 rows, 13 columns
2025-10-22 16:11:13,984 - db.db_connector - INFO - Mill data columns: ['Ore', 'WaterMill', 'WaterZumpf', 'Power', 'ZumpfLevel', 'PressureHC', 'DensityHC', 'FE', 'PulpHC', 'PumpRPM', 'MotorAmp', 'PSI80', 'PSI200']
2025-10-22 16:11:13,994 - db.db_connector - INFO - Mill data sample:
                            Ore  WaterMill  WaterZumpf  ...    MotorAmp  PSI80  PSI200
TimeStamp                                               ...                           
2025-01-01 02:07:00  159.315385  15.702312  258.096000  ...  192.221716  667.0   157.0
2025-01-01 02:08:00  159.332000  15.722000  258.096000  ...  190.582104  667.0   157.0
2025-01-01 02:09:00  159.827091  15.685437  256.093313  ...  189.505359  667.0   157.0

[3 rows x 13 columns]
2025-10-22 16:11:14,008 - db.db_connector - INFO - DEBUG: process_dataframe date filtering - start=2025-01-01 00:00:00, end=2025-10-19 00:00:00
2025-10-22 16:11:14,008 - db.db_connector - INFO - DEBUG: Before date filtering: 418852 rows, date range: 2025-01-01 02:07:00 to 2025-10-19 00:00:00
2025-10-22 16:11:14,020 - db.db_connector - INFO - DEBUG: After start date filter (2025-01-01 00:00:00): 418852 rows (removed 0 rows)
2025-10-22 16:11:14,029 - db.db_connector - INFO - DEBUG: After end date filter (2025-10-19 00:00:00): 418852 rows (removed 0 rows)
2025-10-22 16:11:14,029 - db.db_connector - INFO - DEBUG: After date filtering: 418852 rows, date range: 2025-01-01 02:07:00 to 2025-10-19 00:00:00
2025-10-22 16:11:14,375 - db.db_connector - INFO - Applied resampling with interpolation
2025-10-22 16:11:14,524 - db.db_connector - INFO - Applied smoothing with rolling window of size 15
2025-10-22 16:11:14,524 - db.db_connector - INFO - Resampled data to 1min frequency
2025-10-22 16:11:14,538 - db.db_connector - INFO - Processed mill data: 418914 rows, 13 columns
2025-10-22 16:11:14,538 - db.db_connector - INFO - Retrieving ore quality data
2025-10-22 16:11:14,539 - db.db_connector - INFO - DEBUG: get_ore_quality called with start_date=2025-01-01, end_date=2025-10-19
2025-10-22 16:11:14,539 - db.db_connector - INFO - DEBUG: Ore quality parsed start_date: 2025-01-01 00:00:00 (timezone: None)
2025-10-22 16:11:14,540 - db.db_connector - INFO - DEBUG: Ore quality parsed end_date: 2025-10-19 00:00:00 (timezone: None)
2025-10-22 16:11:14,540 - db.db_connector - INFO - DEBUG: Ore quality converted start_date 2025-01-01 -> 2025-01-01 00:00:00
2025-10-22 16:11:14,541 - db.db_connector - INFO - DEBUG: Ore quality converted end_date 2025-10-19 -> 2025-10-19 00:00:00
2025-10-22 16:11:14,541 - db.db_connector - INFO - DEBUG: Executing ore quality query: SELECT * FROM mills.ore_quality WHERE "TimeStamp" >= '2025-01-01 00:00:00' AND "TimeStamp" <= '2025-10-19 00:00:00'
2025-10-22 16:11:14,545 - db.db_connector - INFO - DEBUG: ore_quality table has 876 total records
2025-10-22 16:11:14,545 - db.db_connector - INFO - DEBUG: ore_quality table date range: 2025-01-01 06:00:00 to 2025-10-19 22:00:00
2025-10-22 16:11:14,548 - db.db_connector - INFO - DEBUG: ore_quality table has 206 records after 2025-08-12 12:54:00
2025-10-22 16:11:14,551 - db.db_connector - INFO - DEBUG: ore_quality has 873 records in requested range 2025-01-01 to 2025-10-19
2025-10-22 16:11:14,563 - db.db_connector - INFO - Retrieved 873 rows of ore quality data
2025-10-22 16:11:14,565 - db.db_connector - INFO - DEBUG: Ore quality data date range: 2025-01-01 06:00:00 to 2025-10-18 22:00:00
2025-10-22 16:11:14,565 - db.db_connector - INFO - DEBUG: Last 5 timestamps in ore quality data: [Timestamp('2025-10-17 14:00:00'), Timestamp('2025-10-17 22:00:00'), Timestamp('2025-10-18 06:00:00'), Timestamp('2025-10-18 14:00:00'), Timestamp('2025-10-18 22:00:00')]
2025-10-22 16:11:14,567 - db.db_connector - INFO - DEBUG: Ore quality records after 2025-08-12 12:54:00: 203
2025-10-22 16:11:14,567 - db.db_connector - INFO - Ore data retrieved: 873 rows, 11 columns
2025-10-22 16:11:14,567 - db.db_connector - INFO - Ore data columns: ['id', 'Date', 'Shift', 'TimeStamp', 'Class_15', 'Class_12', 'Grano', 'Daiki', 'Shisti', 'Original_Sheet', 'Created_At']
2025-10-22 16:11:14,568 - db.db_connector - WARNING - Found 3 duplicate timestamps, removing duplicates
2025-10-22 16:11:14,568 - db.db_connector - INFO - After removing duplicates: 870 rows remaining
2025-10-22 16:11:14,569 - db.db_connector - INFO - DEBUG: process_dataframe date filtering - start=2025-01-01 00:00:00, end=2025-10-19 00:00:00
2025-10-22 16:11:14,569 - db.db_connector - INFO - DEBUG: Before date filtering: 870 rows, date range: 2025-01-01 06:00:00 to 2025-10-18 22:00:00
2025-10-22 16:11:14,569 - db.db_connector - INFO - DEBUG: After start date filter (2025-01-01 00:00:00): 870 rows (removed 0 rows)
2025-10-22 16:11:14,570 - db.db_connector - INFO - DEBUG: After end date filter (2025-10-19 00:00:00): 870 rows (removed 0 rows)
2025-10-22 16:11:14,570 - db.db_connector - INFO - DEBUG: After date filtering: 870 rows, date range: 2025-01-01 06:00:00 to 2025-10-18 22:00:00
2025-10-22 16:11:14,624 - db.db_connector - INFO - Applied resampling with constant values (no interpolation or smoothing)
2025-10-22 16:11:14,624 - db.db_connector - INFO - Resampled data to 1min frequency
2025-10-22 16:11:14,635 - db.db_connector - INFO - Processed ore data: 418561 rows, 9 columns - with constant values (no interpolation)
2025-10-22 16:11:14,636 - db.db_connector - INFO - DF1 (mill): 418914 rows, index range: 2025-01-01 02:07:00 to 2025-10-19 00:00:00
2025-10-22 16:11:14,637 - db.db_connector - INFO - DF2 (ore): 418561 rows, index range: 2025-01-01 06:00:00 to 2025-10-18 22:00:00
2025-10-22 16:11:14,637 - db.db_connector - INFO - Found 418561 common timestamps
2025-10-22 16:11:14,709 - db.db_connector - INFO - Successfully joined dataframes: 418561 rows, 22 columns
2025-10-22 16:11:14,710 - db.db_connector - INFO - Joined dataframe columns: ['Ore', 'WaterMill', 'WaterZumpf', 'Power', 'ZumpfLevel', 'PressureHC', 'DensityHC', 'FE', 'PulpHC', 'PumpRPM', 'MotorAmp', 'PSI80', 'PSI200', 'id', 'Date', 'Shift', 'Class_15', 'Class_12', 'Grano', 'Daiki', 'Shisti', 'Original_Sheet']
2025-10-22 16:11:14,711 - db.db_connector - INFO - DEBUG: Final combined data date range: 2025-01-01 06:00:00 to 2025-10-18 22:00:00
2025-10-22 16:11:14,716 - db.db_connector - INFO - DEBUG: Combined data records after 2025-08-12 12:54:00: 97026
2025-10-22 16:11:14,717 - db.db_connector - INFO - DEBUG: SUCCESS - Combined data extends beyond 2025-08-12 with 97026 records
2025-10-22 16:11:14,719 - db.db_connector - INFO - 
=== Combined Dataframe Head (first 3 rows) ===
2025-10-22 16:11:14,723 - db.db_connector - INFO -                             Ore  WaterMill  WaterZumpf        Power   ZumpfLevel  PressureHC    DensityHC        FE      PulpHC     PumpRPM    MotorAmp  PSI80  PSI200  id  Date  Shift  Class_15  Class_12  Grano  Daiki  Shisti  Original_Sheet
TimeStamp                                                                                                                                                                                                                                        
2025-01-01 06:00:00  159.853259  15.706490  258.472941  2026.902125  1505.710421    0.360636  1660.632839  2.785400  322.676153  666.854745  191.768525  667.0   157.0   1   NaN      1       2.4       4.8  0.559  0.399   0.042             NaN
2025-01-01 06:01:00  159.870241  15.711090  258.601370  2025.973661  1504.913626    0.361004  1660.880326  2.787333  322.795287  666.969479  191.739175  667.0   157.0   1   NaN      1       2.4       4.8  0.559  0.399   0.042             NaN
2025-01-01 06:02:00  160.079986  15.708438  258.240704  2024.919471  1503.087200    0.361537  1661.098045  2.786400  322.773103  666.968316  191.574054  667.0   157.0   1   NaN      1       2.4       4.8  0.559  0.399   0.042             NaN
2025-10-22 16:11:14,724 - db.db_connector - INFO - 
=== Combined Dataframe Tail (last 3 rows) ===
2025-10-22 16:11:14,727 - db.db_connector - INFO -                             Ore  WaterMill  WaterZumpf        Power   ZumpfLevel  PressureHC    DensityHC        FE      PulpHC     PumpRPM    MotorAmp      PSI80     PSI200   id  Date  Shift  Class_15  Class_12  Grano  Daiki  Shisti  Original_Sheet
TimeStamp                                                                                                                                                                                                                                                
2025-10-18 21:58:00  177.954583  14.592665  240.649053  1948.029611  1557.060110    0.381727  1661.053830  3.466000  568.625900  722.042933  184.576568  46.384783  28.876232  872   NaN      2       1.1       5.6  0.678  0.247   0.075             NaN
2025-10-18 21:59:00  177.934650  14.590065  240.422186  1950.278729  1553.013663    0.381927  1660.682735  3.468867  568.275615  721.808922  184.761958  46.300000  28.933333  872   NaN      2       1.1       5.6  0.678  0.247   0.075             NaN
2025-10-18 22:00:00  177.896650  14.587437  240.379386  1951.767803  1550.478061    0.381856  1660.388364  3.471733  567.863525  721.724656  184.889164  46.300000  28.900000  873   NaN      3       1.1       7.0  0.664  0.263   0.073             NaN
2025-10-22 16:11:14,727 - db.db_connector - INFO - ==================================================
2025-10-22 16:11:14,734 - db.db_connector - INFO - Combined data has 418561 rows and 22 columns
2025-10-22 16:11:14,735 - db.db_connector - INFO - Combined data columns: ['Ore', 'WaterMill', 'WaterZumpf', 'Power', 'ZumpfLevel', 'PressureHC', 'DensityHC', 'FE', 'PulpHC', 'PumpRPM', 'MotorAmp', 'PSI80', 'PSI200', 'id', 'Date', 'Shift', 'Class_15', 'Class_12', 'Grano', 'Daiki', 'Shisti', 'Original_Sheet']
2025-10-22 16:11:14,745 - db.db_connector - INFO - Combined data sample:
                            Ore  WaterMill  WaterZumpf  ...  Daiki  Shisti  Original_Sheet
TimeStamp                                               ...                               
2025-01-01 06:00:00  159.853259  15.706490  258.472941  ...  0.399   0.042             NaN
2025-01-01 06:01:00  159.870241  15.711090  258.601370  ...  0.399   0.042             NaN
2025-01-01 06:02:00  160.079986  15.708438  258.240704  ...  0.399   0.042             NaN

[3 rows x 22 columns]
2025-10-22 16:11:14,746 - db.db_connector - INFO - === COMPLETED get_combined_data for Mill 8 ===
2025-10-22 16:11:14,746 - db.db_connector - INFO - DEBUG: Final result - 418561 total records
2025-10-22 16:11:14,746 - db.db_connector - INFO - DEBUG: Final date range: 2025-01-01 06:00:00 to 2025-10-18 22:00:00
2025-10-22 16:11:14,846 - database - INFO -   ✓ Loaded 418561 rows, 24 columns
2025-10-22 16:11:21,363 - database - INFO -   ✓ Cached to C:\Projects\experiments\modeling\output\initial_data.csv
2025-10-22 16:11:21,363 - database - INFO - ✓ All 10 required columns present
2025-10-22 16:11:21,363 - database - INFO - Applying data filters...
2025-10-22 16:11:21,379 - database - INFO -   Ore: 100 < x < 220
2025-10-22 16:11:21,381 - database - INFO -   PulpHC: 400 < x < 600
2025-10-22 16:11:21,381 - database - INFO -   DensityHC: 1600 < x < 1800
2025-10-22 16:11:21,403 - database - INFO -   ✓ Filtered: 260559 rows kept, 158002 removed (37.7%)
2025-10-22 16:11:21,434 - __main__ - INFO -   ✓ Circulative load calculation complete
2025-10-22 16:11:26,551 - __main__ - INFO -   ✓ Updated data with circulative load saved to initial_data.csv
2025-10-22 16:11:26,551 - __main__ - INFO - ✓ Data loaded and filtered: 260559 rows
2025-10-22 16:11:26,551 - __main__ - INFO - 
--------------------------------------------------------------------------------
2025-10-22 16:11:26,551 - __main__ - INFO - STEP 2: DISCOVERING MV MOTIFS
2025-10-22 16:11:26,551 - __main__ - INFO - --------------------------------------------------------------------------------
2025-10-22 16:11:26,551 - motif_discovery - INFO - Discovering motifs in 3 features...
2025-10-22 16:11:26,552 - motif_discovery - INFO -   Window size: 60
2025-10-22 16:11:26,552 - motif_discovery - INFO -   Max motifs: 20
2025-10-22 16:11:26,552 - motif_discovery - INFO -   Radius: 4.5
2025-10-22 16:11:26,564 - motif_discovery - INFO -   Computing multivariate matrix profile...
2025-10-22 17:06:17,645 - motif_discovery - INFO -   Discovering motif groups...
2025-10-22 17:06:24,971 - motif_discovery - INFO -   ✓ Found 20 motif groups
2025-10-22 17:06:24,972 - motif_discovery - INFO -   ✓ Total instances: 1052
2025-10-22 17:06:24,972 - motif_discovery - INFO -   ✓ Average distance: 3.047
2025-10-22 17:06:24,974 - __main__ - INFO - 
Applying correlation filter...
2025-10-22 17:06:24,975 - motif_discovery - INFO - Filtering motifs by correlation constraints...
2025-10-22 17:06:24,975 - motif_discovery - INFO -   Filter level: instance
2025-10-22 17:06:24,975 - motif_discovery - INFO -   Min correlation strength: 0.1
2025-10-22 17:06:24,975 - motif_discovery - INFO -   Rules:
2025-10-22 17:06:24,975 - motif_discovery - INFO -     PressureHC vs PulpHC: pos
2025-10-22 17:06:24,975 - motif_discovery - INFO -     WaterZumpf vs PressureHC: pos
2025-10-22 17:06:24,987 - motif_discovery - INFO -   ✓ Filtered: 20 motifs kept
2025-10-22 17:06:24,988 - __main__ - INFO -   ✓ Correlation stats saved to correlation_stats.json
2025-10-22 17:06:24,989 - __main__ - INFO - ✓ MV motif discovery complete: 20 motifs
2025-10-22 17:06:24,989 - __main__ - INFO - 
--------------------------------------------------------------------------------
2025-10-22 17:06:24,989 - __main__ - INFO - STEP 3: DISCOVERING DENSITY MOTIFS
2025-10-22 17:06:24,989 - __main__ - INFO - --------------------------------------------------------------------------------
2025-10-22 17:06:24,990 - density_analysis - INFO - Discovering density motifs with variability constraints...
2025-10-22 17:06:24,990 - density_analysis - INFO -   Constraint: WaterZumpf stable, Ore & WaterMill variable
2025-10-22 17:06:24,990 - density_analysis - INFO -   Window size: 60 minutes
2025-10-22 17:06:24,990 - density_analysis - INFO -   Max motifs: 15
2025-10-22 17:06:24,990 - density_analysis - INFO -   Radius: 4.5
2025-10-22 17:06:25,000 - density_analysis - INFO -   Computing multivariate matrix profile...
2025-10-22 18:00:38,810 - density_analysis - INFO -   Discovering motifs with variability filtering...
2025-10-22 18:06:59,031 - density_analysis - INFO -   ✓ Found 12 motif groups
2025-10-22 18:06:59,031 - density_analysis - INFO -   ✓ Total instances: 131
2025-10-22 18:06:59,034 - __main__ - INFO - ✓ Density motif discovery complete: 12 motifs
2025-10-22 18:06:59,034 - __main__ - INFO - 
--------------------------------------------------------------------------------
2025-10-22 18:06:59,034 - __main__ - INFO - STEP 4: ANALYZING DENSITY BEHAVIOR
2025-10-22 18:06:59,034 - __main__ - INFO - --------------------------------------------------------------------------------
2025-10-22 18:06:59,034 - density_analysis - INFO - Analyzing density behavior in motifs...
2025-10-22 18:06:59,034 - density_analysis - INFO - 
Motif 1 (10 instances):
2025-10-22 18:06:59,053 - density_analysis - INFO -   Avg DensityHC change: -0.50
2025-10-22 18:06:59,053 - density_analysis - INFO -   Ore-Density correlation: -0.288 (lag: 0 min)
2025-10-22 18:06:59,053 - density_analysis - INFO -   WaterMill-Density correlation: -0.243 (lag: 0 min)
2025-10-22 18:06:59,053 - density_analysis - INFO - 
Motif 2 (20 instances):
2025-10-22 18:06:59,091 - density_analysis - INFO -   Avg DensityHC change: -0.06
2025-10-22 18:06:59,092 - density_analysis - INFO -   Ore-Density correlation: +0.257 (lag: -0 min)
2025-10-22 18:06:59,092 - density_analysis - INFO -   WaterMill-Density correlation: -0.239 (lag: 0 min)
2025-10-22 18:06:59,092 - density_analysis - INFO - 
Motif 3 (4 instances):
2025-10-22 18:06:59,099 - density_analysis - INFO -   Avg DensityHC change: +22.52
2025-10-22 18:06:59,099 - density_analysis - INFO -   Ore-Density correlation: -0.670 (lag: 2 min)
2025-10-22 18:06:59,100 - density_analysis - INFO -   WaterMill-Density correlation: -0.597 (lag: 4 min)
2025-10-22 18:06:59,100 - density_analysis - INFO - 
Motif 4 (2 instances):
2025-10-22 18:06:59,104 - density_analysis - INFO -   Avg DensityHC change: +15.83
2025-10-22 18:06:59,104 - density_analysis - INFO -   Ore-Density correlation: -0.900 (lag: 0 min)
2025-10-22 18:06:59,105 - density_analysis - INFO -   WaterMill-Density correlation: -0.843 (lag: 0 min)
2025-10-22 18:06:59,105 - density_analysis - INFO - 
Motif 5 (6 instances):
2025-10-22 18:06:59,116 - density_analysis - INFO -   Avg DensityHC change: -0.32
2025-10-22 18:06:59,116 - density_analysis - INFO -   Ore-Density correlation: +0.474 (lag: 0 min)
2025-10-22 18:06:59,117 - density_analysis - INFO -   WaterMill-Density correlation: +0.478 (lag: 0 min)
2025-10-22 18:06:59,117 - density_analysis - INFO - 
Motif 6 (8 instances):
2025-10-22 18:06:59,131 - density_analysis - INFO -   Avg DensityHC change: -8.30
2025-10-22 18:06:59,132 - density_analysis - INFO -   Ore-Density correlation: +0.326 (lag: -10 min)
2025-10-22 18:06:59,132 - density_analysis - INFO -   WaterMill-Density correlation: -0.193 (lag: 0 min)
2025-10-22 18:06:59,132 - density_analysis - INFO - 
Motif 7 (14 instances):
2025-10-22 18:06:59,160 - density_analysis - INFO -   Avg DensityHC change: +3.18
2025-10-22 18:06:59,160 - density_analysis - INFO -   Ore-Density correlation: +0.232 (lag: -3 min)
2025-10-22 18:06:59,160 - density_analysis - INFO -   WaterMill-Density correlation: +0.221 (lag: 0 min)
2025-10-22 18:06:59,160 - density_analysis - INFO - 
Motif 8 (20 instances):
2025-10-22 18:06:59,196 - density_analysis - INFO -   Avg DensityHC change: -6.41
2025-10-22 18:06:59,196 - density_analysis - INFO -   Ore-Density correlation: -0.272 (lag: 0 min)
2025-10-22 18:06:59,197 - density_analysis - INFO -   WaterMill-Density correlation: -0.323 (lag: 0 min)
2025-10-22 18:06:59,197 - density_analysis - INFO - 
Motif 9 (7 instances):
2025-10-22 18:06:59,209 - density_analysis - INFO -   Avg DensityHC change: +2.55
2025-10-22 18:06:59,209 - density_analysis - INFO -   Ore-Density correlation: -0.191 (lag: 0 min)
2025-10-22 18:06:59,210 - density_analysis - INFO -   WaterMill-Density correlation: -0.127 (lag: 0 min)
2025-10-22 18:06:59,210 - density_analysis - INFO - 
Motif 10 (7 instances):
2025-10-22 18:06:59,222 - density_analysis - INFO -   Avg DensityHC change: +12.30
2025-10-22 18:06:59,222 - density_analysis - INFO -   Ore-Density correlation: -0.119 (lag: 0 min)
2025-10-22 18:06:59,223 - density_analysis - INFO -   WaterMill-Density correlation: -0.144 (lag: 0 min)
2025-10-22 18:06:59,223 - density_analysis - INFO - 
Motif 11 (13 instances):
2025-10-22 18:06:59,249 - density_analysis - INFO -   Avg DensityHC change: +2.87
2025-10-22 18:06:59,249 - density_analysis - INFO -   Ore-Density correlation: +0.243 (lag: 0 min)
2025-10-22 18:06:59,249 - density_analysis - INFO -   WaterMill-Density correlation: +0.159 (lag: 0 min)
2025-10-22 18:06:59,249 - density_analysis - INFO - 
Motif 12 (20 instances):
2025-10-22 18:06:59,286 - density_analysis - INFO -   Avg DensityHC change: -1.10
2025-10-22 18:06:59,286 - density_analysis - INFO -   Ore-Density correlation: +0.147 (lag: 0 min)
2025-10-22 18:06:59,286 - density_analysis - INFO -   WaterMill-Density correlation: +0.177 (lag: 0 min)
2025-10-22 18:06:59,288 - __main__ - INFO -   ✓ Density analysis saved to density_analysis.csv
2025-10-22 18:06:59,288 - __main__ - INFO - 
--------------------------------------------------------------------------------
2025-10-22 18:06:59,288 - __main__ - INFO - STEP 5: MERGING MOTIF COLLECTIONS
2025-10-22 18:06:59,289 - __main__ - INFO - --------------------------------------------------------------------------------
2025-10-22 18:06:59,289 - segmentation - INFO - Merging motif collections...
2025-10-22 18:06:59,289 - segmentation - INFO -   Primary motifs: 20
2025-10-22 18:06:59,289 - segmentation - INFO -   Secondary motifs: 12
2025-10-22 18:06:59,289 - segmentation - INFO -   ✓ Merged: 32 total motifs
2025-10-22 18:06:59,289 - __main__ - INFO - ✓ Total motifs: 32
2025-10-22 18:06:59,289 - __main__ - INFO - 
--------------------------------------------------------------------------------
2025-10-22 18:06:59,290 - __main__ - INFO - STEP 6: CREATING SEGMENTED DATASET
2025-10-22 18:06:59,290 - __main__ - INFO - --------------------------------------------------------------------------------
2025-10-22 18:06:59,290 - __main__ - INFO -   Creating MV motifs dataset (20 motifs)...
2025-10-22 18:06:59,291 - segmentation - INFO - Creating segmented dataset from motifs...
2025-10-22 18:07:00,008 - segmentation - INFO -   ✓ Created segmented dataset:
2025-10-22 18:07:00,008 - segmentation - INFO -     - Total segments: 1052
2025-10-22 18:07:00,008 - segmentation - INFO -     - Total rows: 63120
2025-10-22 18:07:00,010 - segmentation - INFO -     - Unique motifs: 20
2025-10-22 18:07:00,023 - __main__ - INFO -   Creating complete dataset (32 motifs)...
2025-10-22 18:07:00,023 - segmentation - INFO - Creating segmented dataset from motifs...
2025-10-22 18:07:00,837 - segmentation - INFO -   ✓ Created segmented dataset:
2025-10-22 18:07:00,837 - segmentation - INFO -     - Total segments: 1183
2025-10-22 18:07:00,838 - segmentation - INFO -     - Total rows: 70980
2025-10-22 18:07:00,841 - segmentation - INFO -     - Unique motifs: 32
2025-10-22 18:07:02,031 - __main__ - INFO -   ✓ MV motifs data saved to segmented_motifsMV_08.csv (63120 rows, 22 columns)
2025-10-22 18:07:03,355 - __main__ - INFO -   ✓ Complete data saved to segmented_motifs_all_08.csv (70980 rows, 22 columns)
2025-10-22 18:07:03,361 - __main__ - INFO - 
--------------------------------------------------------------------------------
2025-10-22 18:07:03,362 - __main__ - INFO - STEP 6: SAVING SEGMENTED DATA TO DATABASE
2025-10-22 18:07:03,362 - __main__ - INFO - --------------------------------------------------------------------------------
2025-10-22 18:07:03,363 - __main__ - INFO -   Saving segmented motifs data for Mill 8...
2025-10-22 18:07:03,363 - __main__ - INFO -   Table will be recreated (if_exists='replace')
2025-10-22 18:07:03,363 - db.db_connector - INFO - Saving motifs data to database table: mills.MOTIFS_08
2025-10-22 18:07:03,363 - db.db_connector - INFO - DataFrame shape: (70980, 22)
2025-10-22 18:07:03,363 - db.db_connector - INFO - DataFrame columns: ['TimeStamp', 'Ore', 'WaterMill', 'WaterZumpf', 'Power', 'ZumpfLevel', 'PressureHC', 'DensityHC', 'FE', 'PulpHC', 'PumpRPM', 'MotorAmp', 'PSI80', 'PSI200', 'Class_15', 'Class_12', 'Grano', 'Daiki', 'Shisti', 'M_solid_to_cyclone', 'CirculativeLoad', 'motif_id']
2025-10-22 18:07:23,541 - db.db_connector - INFO - ✅ Successfully saved 70980 rows to mills.MOTIFS_08
2025-10-22 18:07:23,541 - db.db_connector - INFO -    Action: replace
2025-10-22 18:07:23,557 - db.db_connector - INFO -    Verification: Table mills.MOTIFS_08 now contains 70980 rows
2025-10-22 18:07:23,558 - __main__ - INFO - ✓ Segmented data saved to database table: MOTIFS_08
2025-10-22 18:07:23,559 - __main__ - INFO - 
--------------------------------------------------------------------------------
2025-10-22 18:07:23,561 - __main__ - INFO - STEP 7: GENERATING ANALYSIS OUTPUTS
2025-10-22 18:07:23,561 - __main__ - INFO - --------------------------------------------------------------------------------
2025-10-22 18:07:23,561 - segmentation - INFO - Extracting motif summaries...
2025-10-22 18:07:23,603 - segmentation - INFO -   ✓ Created summary for 32 motifs
2025-10-22 18:07:23,605 - __main__ - INFO -   ✓ Motif summary saved to motif_summary.csv
2025-10-22 18:07:23,605 - segmentation - INFO - Creating instance catalog...
2025-10-22 18:07:23,613 - segmentation - INFO -   ✓ Cataloged 1183 instances
2025-10-22 18:07:23,620 - __main__ - INFO -   ✓ Instance catalog saved to instance_catalog.csv
2025-10-22 18:07:23,620 - segmentation - INFO - Calculating segment statistics...
2025-10-22 18:07:23,664 - segmentation - INFO -   ✓ Calculated statistics for 32 motifs
2025-10-22 18:07:23,670 - __main__ - INFO -   ✓ Segment statistics saved to segment_statistics.csv
2025-10-22 18:07:23,671 - visualization - INFO - Creating summary report...
2025-10-22 18:07:23,673 - visualization - INFO -   ✓ Saved summary report to summary_report.txt
2025-10-22 18:07:23,673 - __main__ - INFO - 
--------------------------------------------------------------------------------
2025-10-22 18:07:23,674 - __main__ - INFO - STEP 8: CREATING VISUALIZATIONS
2025-10-22 18:07:23,674 - __main__ - INFO - --------------------------------------------------------------------------------
2025-10-22 18:07:23,675 - visualization - INFO - Plotting top 10 motifs...
2025-10-22 18:07:24,258 - visualization - INFO -   ✓ Saved motif 1 plot to motif_01.png
2025-10-22 18:07:24,693 - visualization - INFO -   ✓ Saved motif 2 plot to motif_02.png
2025-10-22 18:07:25,126 - visualization - INFO -   ✓ Saved motif 3 plot to motif_03.png
2025-10-22 18:07:25,551 - visualization - INFO -   ✓ Saved motif 4 plot to motif_04.png
2025-10-22 18:07:25,987 - visualization - INFO -   ✓ Saved motif 5 plot to motif_05.png
2025-10-22 18:07:26,422 - visualization - INFO -   ✓ Saved motif 6 plot to motif_06.png
2025-10-22 18:07:26,967 - visualization - INFO -   ✓ Saved motif 7 plot to motif_07.png
2025-10-22 18:07:27,390 - visualization - INFO -   ✓ Saved motif 8 plot to motif_08.png
2025-10-22 18:07:27,800 - visualization - INFO -   ✓ Saved motif 9 plot to motif_09.png
2025-10-22 18:07:28,211 - visualization - INFO -   ✓ Saved motif 10 plot to motif_10.png
2025-10-22 18:07:28,211 - visualization - INFO - Creating motif overview plot...
2025-10-22 18:07:28,618 - visualization - INFO -   ✓ Saved overview plot to motif_overview.png
2025-10-22 18:07:28,618 - visualization - INFO - Creating density analysis plot...
2025-10-22 18:07:29,190 - visualization - INFO -   ✓ Saved density analysis plot to density_analysis.png
2025-10-22 18:07:29,190 - visualization - INFO - Creating correlation heatmap...
2025-10-22 18:07:29,504 - visualization - INFO -   ✓ Saved correlation heatmap to correlation_heatmap.png
2025-10-22 18:07:29,505 - visualization - INFO - Creating feature distribution plots...
2025-10-22 18:07:30,908 - visualization - INFO -   ✓ Saved feature distributions to feature_distributions.png
2025-10-22 18:07:30,908 - __main__ - INFO - ✓ Visualizations saved to C:\Projects\experiments\modeling\output\plots\mill_8
2025-10-22 18:07:30,908 - __main__ - INFO - 
================================================================================
2025-10-22 18:07:30,908 - __main__ - INFO - DATA PREPARATION COMPLETE
2025-10-22 18:07:30,908 - __main__ - INFO - ================================================================================
2025-10-22 18:07:30,908 - __main__ - INFO - Segmented data saved to: C:\Projects\experiments\modeling\output
2025-10-22 18:07:30,908 - __main__ - INFO - Analysis files saved to: C:\Projects\experiments\modeling\output\analysis
2025-10-22 18:07:30,908 - __main__ - INFO - Plots saved to: C:\Projects\experiments\modeling\output\plots
2025-10-22 18:07:30,908 - __main__ - INFO - 
✓ Data preparation pipeline completed successfully!
2025-10-29 23:37:44,938 - __main__ - INFO - 
================================================================================
2025-10-29 23:37:44,938 - __main__ - INFO - STARTING DATA PREPARATION PIPELINE
2025-10-29 23:37:44,938 - __main__ - INFO - ================================================================================
2025-10-29 23:37:44,939 - __main__ - INFO - ============================================================
PIPELINE CONFIGURATION SUMMARY
============================================================

Mill Number: 6
Date Range: 2025-01-01 to 2025-10-29

Features:
  MV: ['Ore', 'WaterMill', 'WaterZumpf']
  CV: ['DensityHC', 'PulpHC', 'PressureHC', 'CirculativeLoad']
  DV: ['Class_15', 'Daiki', 'FE']
  Target: PSI200

Motif Discovery:
  Window Size: 60 min
  Max Motifs: 20
  Radius: 4.5
  Correlation Filter: True

Model Training:
  Test Size: 0.2
  CV Splits: 5

Output Paths:
  Output: C:\Projects\experiments\modeling\output
  Models: C:\Projects\experiments\modeling\models
  Analysis: C:\Projects\experiments\modeling\output\analysis
  Plots: C:\Projects\experiments\modeling\output\plots
============================================================
2025-10-29 23:37:44,939 - __main__ - INFO - 
--------------------------------------------------------------------------------
2025-10-29 23:37:44,939 - __main__ - INFO - STEP 1: LOADING DATA
2025-10-29 23:37:44,939 - __main__ - INFO - --------------------------------------------------------------------------------
2025-10-29 23:37:44,940 - db.db_connector - INFO - Initializing database connection to s.lyubenov@em-m-db4.ellatzite-med.com:5432/em_pulse_data
2025-10-29 23:37:45,056 - db.db_connector - INFO - ✅ Database connection test successful
2025-10-29 23:37:45,056 - database - INFO - ✅ Database connector initialized
2025-10-29 23:37:45,056 - database - INFO - Loading data from database for Mill 6...
2025-10-29 23:37:45,057 - database - INFO -   Date range: 2025-01-01 to 2025-10-29
2025-10-29 23:37:45,057 - database - INFO -   Resample frequency: 1min
2025-10-29 23:37:45,057 - db.db_connector - INFO - === STARTING get_combined_data for Mill 6 ===
2025-10-29 23:37:45,057 - db.db_connector - INFO - DEBUG: Request parameters - mill_number=6, start_date=2025-01-01, end_date=2025-10-29
2025-10-29 23:37:45,058 - db.db_connector - INFO - DEBUG: Additional parameters - resample_freq=1min, save_to_logs=False, no_interpolation=True
2025-10-29 23:37:45,058 - db.db_connector - INFO - Retrieving mill data for mill 6 from 2025-01-01 to 2025-10-29
2025-10-29 23:37:45,058 - db.db_connector - INFO - DEBUG: get_mill_data called with mill_number=6, start_date=2025-01-01, end_date=2025-10-29
2025-10-29 23:37:45,058 - db.db_connector - INFO - DEBUG: Current time: 2025-10-29 23:37:45.058103
2025-10-29 23:37:45,060 - db.db_connector - INFO - DEBUG: Parsed start_date: 2025-01-01 00:00:00 (timezone: None)
2025-10-29 23:37:45,060 - db.db_connector - INFO - DEBUG: Parsed end_date: 2025-10-29 00:00:00 (timezone: None)
2025-10-29 23:37:45,060 - db.db_connector - INFO - DEBUG: Days from now to end_date: -1
2025-10-29 23:37:45,061 - db.db_connector - INFO - DEBUG: Converted start_date 2025-01-01 -> 2025-01-01 00:00:00
2025-10-29 23:37:45,061 - db.db_connector - INFO - DEBUG: Converted end_date 2025-10-29 -> 2025-10-29 00:00:00
2025-10-29 23:37:45,061 - db.db_connector - INFO - DEBUG: Executing query: SELECT * FROM mills."MILL_06" WHERE "TimeStamp" >= '2025-01-01 00:00:00' AND "TimeStamp" <= '2025-10-29 00:00:00'
2025-10-29 23:37:45,061 - db.db_connector - INFO - DEBUG: Query will search table: mills."MILL_06"
2025-10-29 23:37:45,094 - db.db_connector - INFO - DEBUG: Table MILL_06 has 433249 total records
2025-10-29 23:37:45,094 - db.db_connector - INFO - DEBUG: Table MILL_06 date range: 2025-01-01 02:07:00 to 2025-10-28 23:57:00
2025-10-29 23:37:45,114 - db.db_connector - INFO - DEBUG: Table MILL_06 has 111531 records after 2025-08-12 12:54:00
2025-10-29 23:37:48,454 - db.db_connector - INFO - Retrieved 433249 rows for Mill 6
2025-10-29 23:37:48,455 - db.db_connector - INFO - DEBUG: Mill data date range: 2025-01-01 02:07:00 to 2025-10-28 23:57:00
2025-10-29 23:37:48,456 - db.db_connector - INFO - DEBUG: Last 5 timestamps in mill data: [Timestamp('2025-10-28 23:53:00'), Timestamp('2025-10-28 23:54:00'), Timestamp('2025-10-28 23:55:00'), Timestamp('2025-10-28 23:56:00'), Timestamp('2025-10-28 23:57:00')]
2025-10-29 23:37:48,461 - db.db_connector - INFO - DEBUG: Records after 2025-08-12 12:54:00: 111531
2025-10-29 23:37:48,461 - db.db_connector - INFO - DEBUG: First timestamp after cutoff: 2025-08-12 12:55:00
2025-10-29 23:37:48,461 - db.db_connector - INFO - DEBUG: Last timestamp after cutoff: 2025-10-28 23:57:00
2025-10-29 23:37:48,462 - db.db_connector - INFO - Mill data retrieved: 433249 rows, 13 columns
2025-10-29 23:37:48,462 - db.db_connector - INFO - Mill data columns: ['Ore', 'WaterMill', 'WaterZumpf', 'Power', 'ZumpfLevel', 'PressureHC', 'DensityHC', 'FE', 'PulpHC', 'PumpRPM', 'MotorAmp', 'PSI80', 'PSI200']
2025-10-29 23:37:48,472 - db.db_connector - INFO - Mill data sample:
                         Ore  WaterMill  WaterZumpf        Power  ...     PumpRPM    MotorAmp  PSI80  PSI200
TimeStamp                                                         ...                                       
2025-01-01 02:07:00  159.334  14.712979     225.132  1986.962727  ...  683.069111  208.412746  667.0   157.0
2025-01-01 02:08:00  159.334  14.729826     225.132  1992.564697  ...  682.768222  210.032806  667.0   157.0
2025-01-01 02:09:00  159.334  14.820792     225.132  2025.332388  ...  682.939000  213.046922  667.0   157.0

[3 rows x 13 columns]
2025-10-29 23:37:48,486 - db.db_connector - INFO - DEBUG: process_dataframe date filtering - start=2025-01-01 00:00:00, end=2025-10-29 00:00:00
2025-10-29 23:37:48,486 - db.db_connector - INFO - DEBUG: Before date filtering: 433249 rows, date range: 2025-01-01 02:07:00 to 2025-10-28 23:57:00
2025-10-29 23:37:48,498 - db.db_connector - INFO - DEBUG: After start date filter (2025-01-01 00:00:00): 433249 rows (removed 0 rows)
2025-10-29 23:37:48,510 - db.db_connector - INFO - DEBUG: After end date filter (2025-10-29 00:00:00): 433249 rows (removed 0 rows)
2025-10-29 23:37:48,510 - db.db_connector - INFO - DEBUG: After date filtering: 433249 rows, date range: 2025-01-01 02:07:00 to 2025-10-28 23:57:00
2025-10-29 23:37:48,839 - db.db_connector - INFO - Applied resampling with interpolation
2025-10-29 23:37:48,996 - db.db_connector - INFO - Applied smoothing with rolling window of size 15
2025-10-29 23:37:48,998 - db.db_connector - INFO - Resampled data to 1min frequency
2025-10-29 23:37:49,011 - db.db_connector - INFO - Processed mill data: 433311 rows, 13 columns
2025-10-29 23:37:49,011 - db.db_connector - INFO - Retrieving ore quality data
2025-10-29 23:37:49,011 - db.db_connector - INFO - DEBUG: get_ore_quality called with start_date=2025-01-01, end_date=2025-10-29
2025-10-29 23:37:49,012 - db.db_connector - INFO - DEBUG: Ore quality parsed start_date: 2025-01-01 00:00:00 (timezone: None)
2025-10-29 23:37:49,012 - db.db_connector - INFO - DEBUG: Ore quality parsed end_date: 2025-10-29 00:00:00 (timezone: None)
2025-10-29 23:37:49,012 - db.db_connector - INFO - DEBUG: Ore quality converted start_date 2025-01-01 -> 2025-01-01 00:00:00
2025-10-29 23:37:49,014 - db.db_connector - INFO - DEBUG: Ore quality converted end_date 2025-10-29 -> 2025-10-29 00:00:00
2025-10-29 23:37:49,014 - db.db_connector - INFO - DEBUG: Executing ore quality query: SELECT * FROM mills.ore_quality WHERE "TimeStamp" >= '2025-01-01 00:00:00' AND "TimeStamp" <= '2025-10-29 00:00:00'
2025-10-29 23:37:49,017 - db.db_connector - INFO - DEBUG: ore_quality table has 903 total records
2025-10-29 23:37:49,017 - db.db_connector - INFO - DEBUG: ore_quality table date range: 2025-01-01 06:00:00 to 2025-10-28 22:00:00
2025-10-29 23:37:49,020 - db.db_connector - INFO - DEBUG: ore_quality table has 233 records after 2025-08-12 12:54:00
2025-10-29 23:37:49,022 - db.db_connector - INFO - DEBUG: ore_quality has 903 records in requested range 2025-01-01 to 2025-10-29
2025-10-29 23:37:49,033 - db.db_connector - INFO - Retrieved 903 rows of ore quality data
2025-10-29 23:37:49,034 - db.db_connector - INFO - DEBUG: Ore quality data date range: 2025-01-01 06:00:00 to 2025-10-28 22:00:00
2025-10-29 23:37:49,034 - db.db_connector - INFO - DEBUG: Last 5 timestamps in ore quality data: [Timestamp('2025-10-27 14:00:00'), Timestamp('2025-10-27 22:00:00'), Timestamp('2025-10-28 06:00:00'), Timestamp('2025-10-28 14:00:00'), Timestamp('2025-10-28 22:00:00')]
2025-10-29 23:37:49,035 - db.db_connector - INFO - DEBUG: Ore quality records after 2025-08-12 12:54:00: 233
2025-10-29 23:37:49,035 - db.db_connector - INFO - Ore data retrieved: 903 rows, 11 columns
2025-10-29 23:37:49,035 - db.db_connector - INFO - Ore data columns: ['id', 'Date', 'Shift', 'TimeStamp', 'Class_15', 'Class_12', 'Grano', 'Daiki', 'Shisti', 'Original_Sheet', 'Created_At']
2025-10-29 23:37:49,036 - db.db_connector - WARNING - Found 3 duplicate timestamps, removing duplicates
2025-10-29 23:37:49,037 - db.db_connector - INFO - After removing duplicates: 900 rows remaining
2025-10-29 23:37:49,037 - db.db_connector - INFO - DEBUG: process_dataframe date filtering - start=2025-01-01 00:00:00, end=2025-10-29 00:00:00
2025-10-29 23:37:49,038 - db.db_connector - INFO - DEBUG: Before date filtering: 900 rows, date range: 2025-01-01 06:00:00 to 2025-10-28 22:00:00
2025-10-29 23:37:49,038 - db.db_connector - INFO - DEBUG: After start date filter (2025-01-01 00:00:00): 900 rows (removed 0 rows)
2025-10-29 23:37:49,038 - db.db_connector - INFO - DEBUG: After end date filter (2025-10-29 00:00:00): 900 rows (removed 0 rows)
2025-10-29 23:37:49,038 - db.db_connector - INFO - DEBUG: After date filtering: 900 rows, date range: 2025-01-01 06:00:00 to 2025-10-28 22:00:00
2025-10-29 23:37:49,093 - db.db_connector - INFO - Applied resampling with constant values (no interpolation or smoothing)
2025-10-29 23:37:49,094 - db.db_connector - INFO - Resampled data to 1min frequency
2025-10-29 23:37:49,108 - db.db_connector - INFO - Processed ore data: 432961 rows, 9 columns - with constant values (no interpolation)
2025-10-29 23:37:49,110 - db.db_connector - INFO - DF1 (mill): 433311 rows, index range: 2025-01-01 02:07:00 to 2025-10-28 23:57:00
2025-10-29 23:37:49,110 - db.db_connector - INFO - DF2 (ore): 432961 rows, index range: 2025-01-01 06:00:00 to 2025-10-28 22:00:00
2025-10-29 23:37:49,111 - db.db_connector - INFO - Found 432961 common timestamps
2025-10-29 23:37:49,204 - db.db_connector - INFO - Successfully joined dataframes: 432961 rows, 22 columns
2025-10-29 23:37:49,204 - db.db_connector - INFO - Joined dataframe columns: ['Ore', 'WaterMill', 'WaterZumpf', 'Power', 'ZumpfLevel', 'PressureHC', 'DensityHC', 'FE', 'PulpHC', 'PumpRPM', 'MotorAmp', 'PSI80', 'PSI200', 'id', 'Date', 'Shift', 'Class_15', 'Class_12', 'Grano', 'Daiki', 'Shisti', 'Original_Sheet']
2025-10-29 23:37:49,206 - db.db_connector - INFO - DEBUG: Final combined data date range: 2025-01-01 06:00:00 to 2025-10-28 22:00:00
2025-10-29 23:37:49,214 - db.db_connector - INFO - DEBUG: Combined data records after 2025-08-12 12:54:00: 111426
2025-10-29 23:37:49,214 - db.db_connector - INFO - DEBUG: SUCCESS - Combined data extends beyond 2025-08-12 with 111426 records
2025-10-29 23:37:49,214 - db.db_connector - INFO - 
=== Combined Dataframe Head (first 3 rows) ===
2025-10-29 23:37:49,217 - db.db_connector - INFO -                          Ore  WaterMill  WaterZumpf        Power   ZumpfLevel  PressureHC    DensityHC        FE      PulpHC     PumpRPM    MotorAmp  PSI80  PSI200  id  Date  Shift  Class_15  Class_12  Grano  Daiki  Shisti  Original_Sheet
TimeStamp                                                                                                                                                                                                                                     
2025-01-01 06:00:00  159.559  14.934894  226.703356  1996.306436  1602.420326    0.540322  1627.879919  2.785400  490.606654  684.855034  210.613925  667.0   157.0   1   NaN      1       2.4       4.8  0.559  0.399   0.042             NaN
2025-01-01 06:01:00  159.559  14.920974  226.657000  1994.237762  1601.530977    0.540210  1627.981663  2.787333  490.806722  684.974264  210.416829  667.0   157.0   1   NaN      1       2.4       4.8  0.559  0.399   0.042             NaN
2025-01-01 06:02:00  159.559  14.897781  226.657000  1996.458690  1600.374492    0.539813  1628.058924  2.786400  490.432589  684.982420  210.700429  667.0   157.0   1   NaN      1       2.4       4.8  0.559  0.399   0.042             NaN
2025-10-29 23:37:49,218 - db.db_connector - INFO - 
=== Combined Dataframe Tail (last 3 rows) ===
2025-10-29 23:37:49,221 - db.db_connector - INFO -                             Ore  WaterMill  WaterZumpf        Power   ZumpfLevel  PressureHC    DensityHC        FE      PulpHC  PumpRPM    MotorAmp      PSI80     PSI200   id  Date  Shift  Class_15  Class_12  Grano  Daiki  Shisti  Original_Sheet
TimeStamp                                                                                                                                                                                                                                             
2025-10-28 21:58:00  175.025005  16.207140  166.287295  1911.155833  1580.365246    0.439600  1664.064425  3.615000  578.258858  731.366  202.396796  49.294960  23.318966  902   NaN      2       1.1       5.8  0.650  0.292   0.058             NaN
2025-10-28 21:59:00  174.952739  16.210932  166.269246  1908.122515  1580.881734    0.439898  1663.964215  3.615667  578.440445  731.366  202.436541  49.328293  23.312300  902   NaN      2       1.1       5.8  0.650  0.292   0.058             NaN
2025-10-28 22:00:00  174.880472  16.204387  167.523772  1909.388847  1579.665210    0.439996  1663.942998  3.616333  578.274232  731.366  202.723180  49.361626  23.305633  903   NaN      3       0.9       6.8  0.674  0.261   0.065             NaN
2025-10-29 23:37:49,222 - db.db_connector - INFO - ==================================================
2025-10-29 23:37:49,229 - db.db_connector - INFO - Combined data has 432961 rows and 22 columns
2025-10-29 23:37:49,229 - db.db_connector - INFO - Combined data columns: ['Ore', 'WaterMill', 'WaterZumpf', 'Power', 'ZumpfLevel', 'PressureHC', 'DensityHC', 'FE', 'PulpHC', 'PumpRPM', 'MotorAmp', 'PSI80', 'PSI200', 'id', 'Date', 'Shift', 'Class_15', 'Class_12', 'Grano', 'Daiki', 'Shisti', 'Original_Sheet']
2025-10-29 23:37:49,239 - db.db_connector - INFO - Combined data sample:
                         Ore  WaterMill  WaterZumpf        Power  ...  Grano  Daiki  Shisti  Original_Sheet
TimeStamp                                                         ...                                      
2025-01-01 06:00:00  159.559  14.934894  226.703356  1996.306436  ...  0.559  0.399   0.042             NaN
2025-01-01 06:01:00  159.559  14.920974  226.657000  1994.237762  ...  0.559  0.399   0.042             NaN
2025-01-01 06:02:00  159.559  14.897781  226.657000  1996.458690  ...  0.559  0.399   0.042             NaN

[3 rows x 22 columns]
2025-10-29 23:37:49,239 - db.db_connector - INFO - === COMPLETED get_combined_data for Mill 6 ===
2025-10-29 23:37:49,239 - db.db_connector - INFO - DEBUG: Final result - 432961 total records
2025-10-29 23:37:49,239 - db.db_connector - INFO - DEBUG: Final date range: 2025-01-01 06:00:00 to 2025-10-28 22:00:00
2025-10-29 23:37:49,345 - database - INFO -   ✓ Loaded 432961 rows, 24 columns
2025-10-29 23:37:54,729 - database - INFO -   ✓ Cached to C:\Projects\experiments\modeling\output\initial_data.csv
2025-10-29 23:37:54,729 - database - INFO - ✓ All 10 required columns present
2025-10-29 23:37:54,730 - database - INFO - Applying data filters...
2025-10-29 23:37:54,752 - database - INFO -   Ore: 100 < x < 220
2025-10-29 23:37:54,753 - database - INFO -   PulpHC: 400 < x < 600
2025-10-29 23:37:54,755 - database - INFO -   DensityHC: 1600 < x < 1800
2025-10-29 23:37:54,788 - database - INFO -   ✓ Filtered: 379300 rows kept, 53661 removed (12.4%)
2025-10-29 23:37:54,830 - __main__ - INFO -   ✓ Circulative load calculation complete
2025-10-29 23:38:00,746 - __main__ - INFO -   ✓ Updated data with circulative load saved to initial_data.csv
2025-10-29 23:38:00,747 - __main__ - INFO - ✓ Data loaded and filtered: 379300 rows
2025-10-29 23:38:00,747 - __main__ - INFO - 
--------------------------------------------------------------------------------
2025-10-29 23:38:00,747 - __main__ - INFO - STEP 2: DISCOVERING MV MOTIFS
2025-10-29 23:38:00,747 - __main__ - INFO - --------------------------------------------------------------------------------
2025-10-29 23:38:00,748 - motif_discovery - INFO - Discovering motifs in 3 features...
2025-10-29 23:38:00,748 - motif_discovery - INFO -   Window size: 60
2025-10-29 23:38:00,748 - motif_discovery - INFO -   Max motifs: 20
2025-10-29 23:38:00,749 - motif_discovery - INFO -   Radius: 4.5
2025-10-29 23:38:00,764 - motif_discovery - INFO -   Computing multivariate matrix profile...
2025-10-30 01:36:31,329 - motif_discovery - INFO -   Discovering motif groups...
2025-10-30 01:36:41,098 - motif_discovery - INFO -   ✓ Found 20 motif groups
2025-10-30 01:36:41,098 - motif_discovery - INFO -   ✓ Total instances: 1848
2025-10-30 01:36:41,098 - motif_discovery - INFO -   ✓ Average distance: 3.321
2025-10-30 01:36:41,101 - __main__ - INFO - 
Applying correlation filter...
2025-10-30 01:36:41,102 - motif_discovery - INFO - Filtering motifs by correlation constraints...
2025-10-30 01:36:41,102 - motif_discovery - INFO -   Filter level: instance
2025-10-30 01:36:41,102 - motif_discovery - INFO -   Min correlation strength: 0.1
2025-10-30 01:36:41,102 - motif_discovery - INFO -   Rules:
2025-10-30 01:36:41,102 - motif_discovery - INFO -     PressureHC vs PulpHC: pos
2025-10-30 01:36:41,102 - motif_discovery - INFO -     WaterZumpf vs PressureHC: pos
2025-10-30 01:36:41,129 - motif_discovery - INFO -   ✓ Filtered: 20 motifs kept
2025-10-30 01:36:41,130 - __main__ - INFO -   ✓ Correlation stats saved to correlation_stats.json
2025-10-30 01:36:41,130 - __main__ - INFO - ✓ MV motif discovery complete: 20 motifs
2025-10-30 01:36:41,133 - __main__ - INFO - 
--------------------------------------------------------------------------------
2025-10-30 01:36:41,133 - __main__ - INFO - STEP 3: DISCOVERING CONSTRAINT-BASED MOTIFS
2025-10-30 01:36:41,133 - __main__ - INFO - --------------------------------------------------------------------------------
2025-10-30 01:36:41,134 - __main__ - INFO - 
  Pattern 1: Density Constraint (stable WaterZumpf)
2025-10-30 01:36:41,134 - density_analysis - INFO - Discovering density motifs with variability constraints...
2025-10-30 01:36:41,134 - density_analysis - INFO -   Constraint: WaterZumpf stable, Ore & WaterMill variable
2025-10-30 01:36:41,135 - density_analysis - INFO -   Window size: 60 minutes
2025-10-30 01:36:41,135 - density_analysis - INFO -   Max motifs: 15
2025-10-30 01:36:41,135 - density_analysis - INFO -   Radius: 4.5
2025-10-30 01:36:41,149 - density_analysis - INFO -   Computing multivariate matrix profile...
2025-10-30 03:37:21,890 - density_analysis - INFO -   Discovering motifs with variability filtering...
2025-10-30 03:45:50,741 - density_analysis - INFO -   ✓ Found 13 motif groups
2025-10-30 03:45:50,743 - density_analysis - INFO -   ✓ Total instances: 175
2025-10-30 03:45:50,745 - density_analysis - INFO - Analyzing density behavior in motifs...
2025-10-30 03:45:50,745 - density_analysis - INFO - 
Motif 1 (20 instances):
2025-10-30 03:45:50,798 - density_analysis - INFO -   Avg DensityHC change: +0.35
2025-10-30 03:45:50,799 - density_analysis - INFO -   Ore-Density correlation: +0.092 (lag: 0 min)
2025-10-30 03:45:50,799 - density_analysis - INFO -   WaterMill-Density correlation: +0.104 (lag: 0 min)
2025-10-30 03:45:50,801 - density_analysis - INFO - 
Motif 2 (20 instances):
2025-10-30 03:45:50,844 - density_analysis - INFO -   Avg DensityHC change: +3.65
2025-10-30 03:45:50,844 - density_analysis - INFO -   Ore-Density correlation: +0.256 (lag: 0 min)
2025-10-30 03:45:50,844 - density_analysis - INFO -   WaterMill-Density correlation: +0.298 (lag: 0 min)
2025-10-30 03:45:50,844 - density_analysis - INFO - 
Motif 3 (20 instances):
2025-10-30 03:45:50,886 - density_analysis - INFO -   Avg DensityHC change: -1.94
2025-10-30 03:45:50,886 - density_analysis - INFO -   Ore-Density correlation: +0.304 (lag: 0 min)
2025-10-30 03:45:50,886 - density_analysis - INFO -   WaterMill-Density correlation: -0.197 (lag: 0 min)
2025-10-30 03:45:50,887 - density_analysis - INFO - 
Motif 4 (20 instances):
2025-10-30 03:45:50,930 - density_analysis - INFO -   Avg DensityHC change: -6.16
2025-10-30 03:45:50,930 - density_analysis - INFO -   Ore-Density correlation: +0.195 (lag: 0 min)
2025-10-30 03:45:50,930 - density_analysis - INFO -   WaterMill-Density correlation: +0.173 (lag: 0 min)
2025-10-30 03:45:50,930 - density_analysis - INFO - 
Motif 5 (20 instances):
2025-10-30 03:45:50,975 - density_analysis - INFO -   Avg DensityHC change: -3.52
2025-10-30 03:45:50,975 - density_analysis - INFO -   Ore-Density correlation: +0.268 (lag: 3 min)
2025-10-30 03:45:50,975 - density_analysis - INFO -   WaterMill-Density correlation: +0.238 (lag: 2 min)
2025-10-30 03:45:50,975 - density_analysis - INFO - 
Motif 6 (16 instances):
2025-10-30 03:45:51,011 - density_analysis - INFO -   Avg DensityHC change: +2.97
2025-10-30 03:45:51,011 - density_analysis - INFO -   Ore-Density correlation: +0.066 (lag: 2 min)
2025-10-30 03:45:51,011 - density_analysis - INFO -   WaterMill-Density correlation: -0.062 (lag: 4 min)
2025-10-30 03:45:51,012 - density_analysis - INFO - 
Motif 7 (20 instances):
2025-10-30 03:45:51,052 - density_analysis - INFO -   Avg DensityHC change: +1.39
2025-10-30 03:45:51,052 - density_analysis - INFO -   Ore-Density correlation: -0.097 (lag: -4 min)
2025-10-30 03:45:51,052 - density_analysis - INFO -   WaterMill-Density correlation: -0.096 (lag: 0 min)
2025-10-30 03:45:51,052 - density_analysis - INFO - 
Motif 8 (10 instances):
2025-10-30 03:45:51,073 - density_analysis - INFO -   Avg DensityHC change: -2.68
2025-10-30 03:45:51,073 - density_analysis - INFO -   Ore-Density correlation: +0.373 (lag: 0 min)
2025-10-30 03:45:51,075 - density_analysis - INFO -   WaterMill-Density correlation: +0.392 (lag: 0 min)
2025-10-30 03:45:51,075 - density_analysis - INFO - 
Motif 9 (4 instances):
2025-10-30 03:45:51,084 - density_analysis - INFO -   Avg DensityHC change: +0.01
2025-10-30 03:45:51,084 - density_analysis - INFO -   Ore-Density correlation: +0.033 (lag: -10 min)
2025-10-30 03:45:51,084 - density_analysis - INFO -   WaterMill-Density correlation: +0.124 (lag: -4 min)
2025-10-30 03:45:51,084 - density_analysis - INFO - 
Motif 10 (4 instances):
2025-10-30 03:45:51,094 - density_analysis - INFO -   Avg DensityHC change: +5.73
2025-10-30 03:45:51,094 - density_analysis - INFO -   Ore-Density correlation: -0.290 (lag: -2 min)
2025-10-30 03:45:51,096 - density_analysis - INFO -   WaterMill-Density correlation: +0.369 (lag: 0 min)
2025-10-30 03:45:51,096 - density_analysis - INFO - 
Motif 11 (13 instances):
2025-10-30 03:45:51,122 - density_analysis - INFO -   Avg DensityHC change: -3.46
2025-10-30 03:45:51,123 - density_analysis - INFO -   Ore-Density correlation: +0.206 (lag: 8 min)
2025-10-30 03:45:51,123 - density_analysis - INFO -   WaterMill-Density correlation: -0.275 (lag: 0 min)
2025-10-30 03:45:51,123 - density_analysis - INFO - 
Motif 12 (6 instances):
2025-10-30 03:45:51,136 - density_analysis - INFO -   Avg DensityHC change: -0.58
2025-10-30 03:45:51,136 - density_analysis - INFO -   Ore-Density correlation: -0.006 (lag: 6 min)
2025-10-30 03:45:51,136 - density_analysis - INFO -   WaterMill-Density correlation: +0.063 (lag: 2 min)
2025-10-30 03:45:51,136 - density_analysis - INFO - 
Motif 13 (2 instances):
2025-10-30 03:45:51,142 - density_analysis - INFO -   Avg DensityHC change: +35.41
2025-10-30 03:45:51,142 - density_analysis - INFO -   Ore-Density correlation: +0.110 (lag: -1 min)
2025-10-30 03:45:51,142 - density_analysis - INFO -   WaterMill-Density correlation: +0.061 (lag: -0 min)
2025-10-30 03:45:51,144 - __main__ - INFO -     ✓ Analysis saved to density_analysis.csv
2025-10-30 03:45:51,144 - __main__ - INFO - 
  Pattern 2: Inverse Constraint (stable Ore/WaterMill)
2025-10-30 03:45:51,144 - constraint_patterns - INFO - Discovering inverse constraint motifs (stable Ore/WaterMill, varying WaterZumpf)...
2025-10-30 03:45:51,144 - constraint_patterns - INFO -   Window size: 60 minutes
2025-10-30 03:45:51,144 - constraint_patterns - INFO -   Max motifs: 10
2025-10-30 03:45:51,158 - constraint_patterns - INFO -   Computing multivariate matrix profile...
2025-10-30 05:51:10,720 - constraint_patterns - INFO -   ✓ Found 10 inverse constraint motifs
2025-10-30 05:51:10,720 - constraint_patterns - INFO -   ✓ Total instances: 200
2025-10-30 05:51:10,723 - density_analysis - INFO - Analyzing density behavior in motifs...
2025-10-30 05:51:10,723 - density_analysis - INFO - 
Motif 1 (20 instances):
2025-10-30 05:51:10,765 - density_analysis - INFO -   Avg DensityHC change: -0.89
2025-10-30 05:51:10,765 - density_analysis - INFO -   Ore-Density correlation: -0.137 (lag: 0 min)
2025-10-30 05:51:10,765 - density_analysis - INFO -   WaterMill-Density correlation: +0.155 (lag: 0 min)
2025-10-30 05:51:10,765 - density_analysis - INFO - 
Motif 2 (20 instances):
2025-10-30 05:51:10,808 - density_analysis - INFO -   Avg DensityHC change: -4.05
2025-10-30 05:51:10,808 - density_analysis - INFO -   Ore-Density correlation: -0.416 (lag: 2 min)
2025-10-30 05:51:10,808 - density_analysis - INFO -   WaterMill-Density correlation: -0.399 (lag: 2 min)
2025-10-30 05:51:10,808 - density_analysis - INFO - 
Motif 3 (20 instances):
2025-10-30 05:51:10,847 - density_analysis - INFO -   Avg DensityHC change: -0.63
2025-10-30 05:51:10,848 - density_analysis - INFO -   Ore-Density correlation: +0.012 (lag: 5 min)
2025-10-30 05:51:10,848 - density_analysis - INFO -   WaterMill-Density correlation: +0.086 (lag: 4 min)
2025-10-30 05:51:10,848 - density_analysis - INFO - 
Motif 4 (20 instances):
2025-10-30 05:51:10,888 - density_analysis - INFO -   Avg DensityHC change: +9.76
2025-10-30 05:51:10,888 - density_analysis - INFO -   Ore-Density correlation: -0.439 (lag: 0 min)
2025-10-30 05:51:10,888 - density_analysis - INFO -   WaterMill-Density correlation: -0.359 (lag: 0 min)
2025-10-30 05:51:10,889 - density_analysis - INFO - 
Motif 5 (20 instances):
2025-10-30 05:51:10,928 - density_analysis - INFO -   Avg DensityHC change: +4.98
2025-10-30 05:51:10,928 - density_analysis - INFO -   Ore-Density correlation: +0.232 (lag: 0 min)
2025-10-30 05:51:10,929 - density_analysis - INFO -   WaterMill-Density correlation: +0.260 (lag: 0 min)
2025-10-30 05:51:10,929 - density_analysis - INFO - 
Motif 6 (20 instances):
2025-10-30 05:51:10,966 - density_analysis - INFO -   Avg DensityHC change: -0.93
2025-10-30 05:51:10,967 - density_analysis - INFO -   Ore-Density correlation: +0.095 (lag: 3 min)
2025-10-30 05:51:10,967 - density_analysis - INFO -   WaterMill-Density correlation: +0.090 (lag: 0 min)
2025-10-30 05:51:10,967 - density_analysis - INFO - 
Motif 7 (20 instances):
2025-10-30 05:51:11,004 - density_analysis - INFO -   Avg DensityHC change: +7.67
2025-10-30 05:51:11,005 - density_analysis - INFO -   Ore-Density correlation: +0.054 (lag: 5 min)
2025-10-30 05:51:11,005 - density_analysis - INFO -   WaterMill-Density correlation: +0.096 (lag: 8 min)
2025-10-30 05:51:11,006 - density_analysis - INFO - 
Motif 8 (20 instances):
2025-10-30 05:51:11,046 - density_analysis - INFO -   Avg DensityHC change: +3.17
2025-10-30 05:51:11,047 - density_analysis - INFO -   Ore-Density correlation: -0.240 (lag: 0 min)
2025-10-30 05:51:11,047 - density_analysis - INFO -   WaterMill-Density correlation: +0.133 (lag: 2 min)
2025-10-30 05:51:11,047 - density_analysis - INFO - 
Motif 9 (20 instances):
2025-10-30 05:51:11,087 - density_analysis - INFO -   Avg DensityHC change: -2.96
2025-10-30 05:51:11,088 - density_analysis - INFO -   Ore-Density correlation: +0.046 (lag: 0 min)
2025-10-30 05:51:11,088 - density_analysis - INFO -   WaterMill-Density correlation: +0.097 (lag: 0 min)
2025-10-30 05:51:11,089 - density_analysis - INFO - 
Motif 10 (20 instances):
2025-10-30 05:51:11,129 - density_analysis - INFO -   Avg DensityHC change: +0.86
2025-10-30 05:51:11,130 - density_analysis - INFO -   Ore-Density correlation: +0.194 (lag: 0 min)
2025-10-30 05:51:11,130 - density_analysis - INFO -   WaterMill-Density correlation: +0.024 (lag: 0 min)
2025-10-30 05:51:11,132 - __main__ - INFO -     ✓ Analysis saved to inverse_analysis.csv
2025-10-30 05:51:11,132 - __main__ - INFO - 
  Pattern 3: Dynamic Pattern (all MVs varying)
2025-10-30 05:51:11,132 - constraint_patterns - INFO - Discovering dynamic motifs (all MVs varying)...
2025-10-30 05:51:11,132 - constraint_patterns - INFO -   Window size: 60 minutes
2025-10-30 05:51:11,133 - constraint_patterns - INFO -   Max motifs: 10
2025-10-30 05:51:11,147 - constraint_patterns - INFO -   Computing multivariate matrix profile...
2025-10-30 07:57:04,926 - constraint_patterns - INFO -   ✓ Found 10 dynamic motifs
2025-10-30 07:57:04,926 - constraint_patterns - INFO -   ✓ Total instances: 192
2025-10-30 07:57:04,927 - density_analysis - INFO - Analyzing density behavior in motifs...
2025-10-30 07:57:04,927 - density_analysis - INFO - 
Motif 1 (20 instances):
2025-10-30 07:57:04,973 - density_analysis - INFO -   Avg DensityHC change: -4.19
2025-10-30 07:57:04,973 - density_analysis - INFO -   Ore-Density correlation: -0.291 (lag: 0 min)
2025-10-30 07:57:04,973 - density_analysis - INFO -   WaterMill-Density correlation: -0.275 (lag: 0 min)
2025-10-30 07:57:04,973 - density_analysis - INFO - 
Motif 2 (12 instances):
2025-10-30 07:57:04,998 - density_analysis - INFO -   Avg DensityHC change: +46.80
2025-10-30 07:57:04,998 - density_analysis - INFO -   Ore-Density correlation: +0.293 (lag: -1 min)
2025-10-30 07:57:04,998 - density_analysis - INFO -   WaterMill-Density correlation: +0.256 (lag: 0 min)
2025-10-30 07:57:04,999 - density_analysis - INFO - 
Motif 3 (20 instances):
2025-10-30 07:57:05,041 - density_analysis - INFO -   Avg DensityHC change: -1.23
2025-10-30 07:57:05,042 - density_analysis - INFO -   Ore-Density correlation: -0.131 (lag: 0 min)
2025-10-30 07:57:05,042 - density_analysis - INFO -   WaterMill-Density correlation: +0.166 (lag: 0 min)
2025-10-30 07:57:05,042 - density_analysis - INFO - 
Motif 4 (20 instances):
2025-10-30 07:57:05,086 - density_analysis - INFO -   Avg DensityHC change: +0.21
2025-10-30 07:57:05,087 - density_analysis - INFO -   Ore-Density correlation: -0.047 (lag: 0 min)
2025-10-30 07:57:05,087 - density_analysis - INFO -   WaterMill-Density correlation: -0.030 (lag: 1 min)
2025-10-30 07:57:05,087 - density_analysis - INFO - 
Motif 5 (20 instances):
2025-10-30 07:57:05,130 - density_analysis - INFO -   Avg DensityHC change: +7.13
2025-10-30 07:57:05,130 - density_analysis - INFO -   Ore-Density correlation: -0.003 (lag: -2 min)
2025-10-30 07:57:05,130 - density_analysis - INFO -   WaterMill-Density correlation: +0.022 (lag: 0 min)
2025-10-30 07:57:05,130 - density_analysis - INFO - 
Motif 6 (20 instances):
2025-10-30 07:57:05,169 - density_analysis - INFO -   Avg DensityHC change: +9.26
2025-10-30 07:57:05,169 - density_analysis - INFO -   Ore-Density correlation: +0.133 (lag: -6 min)
2025-10-30 07:57:05,169 - density_analysis - INFO -   WaterMill-Density correlation: -0.205 (lag: 0 min)
2025-10-30 07:57:05,170 - density_analysis - INFO - 
Motif 7 (20 instances):
2025-10-30 07:57:05,210 - density_analysis - INFO -   Avg DensityHC change: -14.10
2025-10-30 07:57:05,210 - density_analysis - INFO -   Ore-Density correlation: +0.330 (lag: 0 min)
2025-10-30 07:57:05,210 - density_analysis - INFO -   WaterMill-Density correlation: +0.328 (lag: 0 min)
2025-10-30 07:57:05,210 - density_analysis - INFO - 
Motif 8 (20 instances):
2025-10-30 07:57:05,248 - density_analysis - INFO -   Avg DensityHC change: -2.62
2025-10-30 07:57:05,249 - density_analysis - INFO -   Ore-Density correlation: +0.199 (lag: 0 min)
2025-10-30 07:57:05,249 - density_analysis - INFO -   WaterMill-Density correlation: -0.296 (lag: 0 min)
2025-10-30 07:57:05,250 - density_analysis - INFO - 
Motif 9 (20 instances):
2025-10-30 07:57:05,295 - density_analysis - INFO -   Avg DensityHC change: +14.26
2025-10-30 07:57:05,296 - density_analysis - INFO -   Ore-Density correlation: -0.517 (lag: 0 min)
2025-10-30 07:57:05,296 - density_analysis - INFO -   WaterMill-Density correlation: -0.524 (lag: 2 min)
2025-10-30 07:57:05,297 - density_analysis - INFO - 
Motif 10 (20 instances):
2025-10-30 07:57:05,340 - density_analysis - INFO -   Avg DensityHC change: -8.58
2025-10-30 07:57:05,341 - density_analysis - INFO -   Ore-Density correlation: +0.534 (lag: 0 min)
2025-10-30 07:57:05,342 - density_analysis - INFO -   WaterMill-Density correlation: +0.576 (lag: 0 min)
2025-10-30 07:57:05,343 - __main__ - INFO -     ✓ Analysis saved to dynamic_analysis.csv
2025-10-30 07:57:05,344 - __main__ - INFO - 
  Pattern 4: Pressure Constraint - DISABLED
2025-10-30 07:57:05,344 - __main__ - INFO - 
✓ Constraint motif discovery complete: 33 total motifs
2025-10-30 07:57:05,345 - __main__ - INFO -   - Density: 13
2025-10-30 07:57:05,345 - __main__ - INFO -   - Inverse: 10
2025-10-30 07:57:05,345 - __main__ - INFO -   - Dynamic: 10
2025-10-30 07:57:05,345 - __main__ - INFO -   - Pressure: 0
2025-10-30 07:57:05,345 - __main__ - INFO - 
--------------------------------------------------------------------------------
2025-10-30 07:57:05,345 - __main__ - INFO - STEP 4: MERGING MOTIF COLLECTIONS
2025-10-30 07:57:05,345 - __main__ - INFO - --------------------------------------------------------------------------------
2025-10-30 07:57:05,345 - segmentation - INFO - Merging motif collections...
2025-10-30 07:57:05,345 - segmentation - INFO -   Primary motifs: 20
2025-10-30 07:57:05,345 - segmentation - INFO -   Secondary motifs: 33
2025-10-30 07:57:05,345 - segmentation - INFO -   ✓ Merged: 53 total motifs
2025-10-30 07:57:05,347 - __main__ - INFO -   ✓ Merged 20 MV motifs + 33 constraint motifs
2025-10-30 07:57:05,347 - __main__ - INFO - ✓ Total motifs: 53
2025-10-30 07:57:05,347 - __main__ - INFO - 
--------------------------------------------------------------------------------
2025-10-30 07:57:05,347 - __main__ - INFO - STEP 5: CREATING SEGMENTED DATASET
2025-10-30 07:57:05,347 - __main__ - INFO - --------------------------------------------------------------------------------
2025-10-30 07:57:05,347 - __main__ - INFO -   Creating MV motifs dataset (20 motifs)...
2025-10-30 07:57:05,348 - segmentation - INFO - Creating segmented dataset from motifs...
2025-10-30 07:57:06,541 - segmentation - INFO -   ✓ Created segmented dataset:
2025-10-30 07:57:06,542 - segmentation - INFO -     - Total segments: 1848
2025-10-30 07:57:06,542 - segmentation - INFO -     - Total rows: 110880
2025-10-30 07:57:06,545 - segmentation - INFO -     - Unique motifs: 20
2025-10-30 07:57:06,557 - __main__ - INFO -   Creating complete dataset (53 motifs)...
2025-10-30 07:57:06,557 - segmentation - INFO - Creating segmented dataset from motifs...
2025-10-30 07:57:08,074 - segmentation - INFO -   ✓ Created segmented dataset:
2025-10-30 07:57:08,076 - segmentation - INFO -     - Total segments: 2415
2025-10-30 07:57:08,076 - segmentation - INFO -     - Total rows: 144900
2025-10-30 07:57:08,076 - segmentation - INFO -     - Unique motifs: 53
2025-10-30 07:57:09,702 - __main__ - INFO -   ✓ MV motifs data saved to segmented_motifsMV_06.csv (110880 rows, 22 columns)
2025-10-30 07:57:11,781 - __main__ - INFO -   ✓ Complete data saved to segmented_motifs_all_06.csv (144900 rows, 22 columns)
2025-10-30 07:57:11,788 - __main__ - INFO - 
--------------------------------------------------------------------------------
2025-10-30 07:57:11,788 - __main__ - INFO - STEP 6: SAVING SEGMENTED DATA TO DATABASE
2025-10-30 07:57:11,789 - __main__ - INFO - --------------------------------------------------------------------------------
2025-10-30 07:57:11,789 - __main__ - INFO -   Saving segmented motifs data for Mill 6...
2025-10-30 07:57:11,789 - __main__ - INFO -   Table will be recreated (if_exists='replace')
2025-10-30 07:57:11,789 - db.db_connector - INFO - Saving motifs data to database table: mills.MOTIFS_06
2025-10-30 07:57:11,789 - db.db_connector - INFO - DataFrame shape: (144900, 22)
2025-10-30 07:57:11,791 - db.db_connector - INFO - DataFrame columns: ['TimeStamp', 'Ore', 'WaterMill', 'WaterZumpf', 'Power', 'ZumpfLevel', 'PressureHC', 'DensityHC', 'FE', 'PulpHC', 'PumpRPM', 'MotorAmp', 'PSI80', 'PSI200', 'Class_15', 'Class_12', 'Grano', 'Daiki', 'Shisti', 'M_solid_to_cyclone', 'CirculativeLoad', 'motif_id']
2025-10-30 07:57:58,343 - db.db_connector - INFO - ✅ Successfully saved 144900 rows to mills.MOTIFS_06
2025-10-30 07:57:58,343 - db.db_connector - INFO -    Action: replace
2025-10-30 07:57:58,366 - db.db_connector - INFO -    Verification: Table mills.MOTIFS_06 now contains 144900 rows
2025-10-30 07:57:58,370 - __main__ - INFO - ✓ Segmented data saved to database table: MOTIFS_06
2025-10-30 07:57:58,370 - __main__ - INFO - 
--------------------------------------------------------------------------------
2025-10-30 07:57:58,372 - __main__ - INFO - STEP 7: GENERATING ANALYSIS OUTPUTS
2025-10-30 07:57:58,372 - __main__ - INFO - --------------------------------------------------------------------------------
2025-10-30 07:57:58,373 - segmentation - INFO - Extracting motif summaries...
2025-10-30 07:57:58,450 - segmentation - INFO -   ✓ Created summary for 53 motifs
2025-10-30 07:57:58,453 - __main__ - INFO -   ✓ Motif summary saved to motif_summary.csv
2025-10-30 07:57:58,453 - segmentation - INFO - Creating instance catalog...
2025-10-30 07:57:58,469 - segmentation - INFO -   ✓ Cataloged 2415 instances
2025-10-30 07:57:58,477 - __main__ - INFO -   ✓ Instance catalog saved to instance_catalog.csv
2025-10-30 07:57:58,477 - segmentation - INFO - Calculating segment statistics...
2025-10-30 07:57:58,548 - segmentation - INFO -   ✓ Calculated statistics for 53 motifs
2025-10-30 07:57:58,554 - __main__ - INFO -   ✓ Segment statistics saved to segment_statistics.csv
2025-10-30 07:57:58,555 - visualization - INFO - Creating summary report...
2025-10-30 07:57:58,555 - visualization - INFO -   ✓ Saved summary report to summary_report.txt
2025-10-30 07:57:58,557 - __main__ - INFO - 
--------------------------------------------------------------------------------
2025-10-30 07:57:58,557 - __main__ - INFO - STEP 8: CREATING VISUALIZATIONS
2025-10-30 07:57:58,557 - __main__ - INFO - --------------------------------------------------------------------------------
2025-10-30 07:57:58,557 - visualization - INFO - Plotting top 10 motifs...
2025-10-30 07:57:59,033 - visualization - INFO -   ✓ Saved motif 1 plot to motif_01.png
2025-10-30 07:57:59,502 - visualization - INFO -   ✓ Saved motif 2 plot to motif_02.png
2025-10-30 07:57:59,893 - visualization - INFO -   ✓ Saved motif 3 plot to motif_03.png
2025-10-30 07:58:00,300 - visualization - INFO -   ✓ Saved motif 4 plot to motif_04.png
2025-10-30 07:58:00,678 - visualization - INFO -   ✓ Saved motif 5 plot to motif_05.png
2025-10-30 07:58:01,074 - visualization - INFO -   ✓ Saved motif 6 plot to motif_06.png
2025-10-30 07:58:01,479 - visualization - INFO -   ✓ Saved motif 7 plot to motif_07.png
2025-10-30 07:58:01,873 - visualization - INFO -   ✓ Saved motif 8 plot to motif_08.png
2025-10-30 07:58:02,270 - visualization - INFO -   ✓ Saved motif 9 plot to motif_09.png
2025-10-30 07:58:02,785 - visualization - INFO -   ✓ Saved motif 10 plot to motif_10.png
2025-10-30 07:58:02,785 - visualization - INFO - Creating motif overview plot...
2025-10-30 07:58:03,203 - visualization - INFO -   ✓ Saved overview plot to motif_overview.png
2025-10-30 07:58:03,203 - visualization - INFO - Creating density analysis plot...
2025-10-30 07:58:03,774 - visualization - INFO -   ✓ Saved density analysis plot to density_analysis.png
2025-10-30 07:58:03,774 - visualization - INFO - Creating density analysis plot...
2025-10-30 07:58:04,294 - visualization - INFO -   ✓ Saved density analysis plot to inverse_analysis.png
2025-10-30 07:58:04,295 - visualization - INFO - Creating density analysis plot...
2025-10-30 07:58:04,800 - visualization - INFO -   ✓ Saved density analysis plot to dynamic_analysis.png
2025-10-30 07:58:04,801 - visualization - INFO - Creating correlation heatmap...
2025-10-30 07:58:05,082 - visualization - INFO -   ✓ Saved correlation heatmap to correlation_heatmap.png
2025-10-30 07:58:05,082 - visualization - INFO - Creating feature distribution plots...
2025-10-30 07:58:06,393 - visualization - INFO -   ✓ Saved feature distributions to feature_distributions.png
2025-10-30 07:58:06,394 - __main__ - INFO - ✓ Visualizations saved to C:\Projects\experiments\modeling\output\plots\mill_6
2025-10-30 07:58:06,394 - __main__ - INFO - 
================================================================================
2025-10-30 07:58:06,394 - __main__ - INFO - DATA PREPARATION COMPLETE
2025-10-30 07:58:06,394 - __main__ - INFO - ================================================================================
2025-10-30 07:58:06,394 - __main__ - INFO - Segmented data saved to: C:\Projects\experiments\modeling\output
2025-10-30 07:58:06,394 - __main__ - INFO - Analysis files saved to: C:\Projects\experiments\modeling\output\analysis
2025-10-30 07:58:06,394 - __main__ - INFO - Plots saved to: C:\Projects\experiments\modeling\output\plots
2025-10-30 07:58:06,394 - __main__ - INFO - 
✓ Data preparation pipeline completed successfully!
