motif_id,pattern_type,instance_idx,start,end,length,distance,meta_pattern_type,meta_waterzumpf_cv,meta_ore_cv,meta_watermill_cv,meta_psi200_cv
1,mv,0,224873,224933,60,0.0,mv,,,,
1,mv,1,233825,233885,60,0.0,mv,,,,
1,mv,2,225553,225613,60,0.0,mv,,,,
1,mv,3,250393,250453,60,0.0,mv,,,,
1,mv,4,241244,241304,60,0.0,mv,,,,
1,mv,5,237466,237526,60,0.0,mv,,,,
1,mv,6,229865,229925,60,0.0,mv,,,,
1,mv,7,247128,247188,60,0.0,mv,,,,
1,mv,8,241337,241397,60,0.0,mv,,,,
1,mv,9,247042,247102,60,0.0,mv,,,,
1,mv,10,241133,241193,60,0.0,mv,,,,
1,mv,11,225491,225551,60,0.0,mv,,,,
1,mv,12,241068,241128,60,0.0,mv,,,,
1,mv,13,247231,247291,60,0.0,mv,,,,
1,mv,14,233756,233816,60,0.0,mv,,,,
1,mv,15,229943,230003,60,0.0,mv,,,,
1,mv,16,246841,246901,60,0.0,mv,,,,
1,mv,17,225661,225721,60,0.0,mv,,,,
1,mv,18,237360,237420,60,0.0,mv,,,,
1,mv,19,229727,229787,60,0.0,mv,,,,
2,mv,0,241584,241644,60,0.0,mv,,,,
2,mv,1,222936,222996,60,0.0,mv,,,,
2,mv,2,250495,250555,60,0.0,mv,,,,
2,mv,3,233968,234028,60,0.0,mv,,,,
2,mv,4,241661,241721,60,0.0,mv,,,,
2,mv,5,246957,247017,60,0.0,mv,,,,
2,mv,6,241452,241512,60,0.0,mv,,,,
2,mv,7,233906,233966,60,0.0,mv,,,,
2,mv,8,232591,232651,60,0.0,mv,,,,
2,mv,9,241514,241574,60,0.0,mv,,,,
2,mv,10,240761,240821,60,0.0,mv,,,,
2,mv,11,250203,250263,60,0.0,mv,,,,
2,mv,12,230188,230248,60,0.0,mv,,,,
2,mv,13,237754,237814,60,0.0,mv,,,,
2,mv,14,225367,225427,60,0.0,mv,,,,
2,mv,15,233681,233741,60,0.0,mv,,,,
2,mv,16,247529,247589,60,0.0,mv,,,,
2,mv,17,237670,237730,60,0.0,mv,,,,
2,mv,18,225427,225487,60,0.0,mv,,,,
2,mv,19,240601,240661,60,0.0,mv,,,,
3,mv,0,247674,247734,60,0.0,mv,,,,
3,mv,1,223119,223179,60,0.0,mv,,,,
3,mv,2,230275,230335,60,0.0,mv,,,,
3,mv,3,240678,240738,60,0.0,mv,,,,
3,mv,4,247591,247651,60,0.0,mv,,,,
3,mv,5,237825,237885,60,0.0,mv,,,,
3,mv,6,247320,247380,60,0.0,mv,,,,
3,mv,7,230026,230086,60,0.0,mv,,,,
3,mv,8,223059,223119,60,0.0,mv,,,,
3,mv,9,237539,237599,60,0.0,mv,,,,
3,mv,10,240978,241038,60,0.0,mv,,,,
3,mv,11,250314,250374,60,0.0,mv,,,,
3,mv,12,247385,247445,60,0.0,mv,,,,
3,mv,13,230113,230173,60,0.0,mv,,,,
3,mv,14,247465,247525,60,0.0,mv,,,,
3,mv,15,237609,237669,60,0.0,mv,,,,
3,mv,16,240866,240926,60,0.0,mv,,,,
3,mv,17,222697,222757,60,0.0,mv,,,,
3,mv,18,246336,246396,60,0.0,mv,,,,
3,mv,19,242240,242300,60,0.0,mv,,,,
4,mv,0,226047,226107,60,0.0,mv,,,,
4,mv,1,236888,236948,60,0.0,mv,,,,
4,mv,2,229215,229275,60,0.0,mv,,,,
4,mv,3,250732,250792,60,0.0,mv,,,,
4,mv,4,242364,242424,60,0.0,mv,,,,
4,mv,5,229301,229361,60,0.0,mv,,,,
4,mv,6,246447,246507,60,0.0,mv,,,,
4,mv,7,234091,234151,60,0.0,mv,,,,
4,mv,8,242116,242176,60,0.0,mv,,,,
4,mv,9,250670,250730,60,0.0,mv,,,,
4,mv,10,228988,229048,60,0.0,mv,,,,
4,mv,11,226203,226263,60,0.0,mv,,,,
4,mv,12,250815,250875,60,0.0,mv,,,,
4,mv,13,242440,242500,60,0.0,mv,,,,
4,mv,14,246190,246250,60,0.0,mv,,,,
4,mv,15,229048,229108,60,0.0,mv,,,,
4,mv,16,236763,236823,60,0.0,mv,,,,
4,mv,17,222599,222659,60,0.0,mv,,,,
4,mv,18,229133,229193,60,0.0,mv,,,,
4,mv,19,226124,226184,60,0.0,mv,,,,
5,mv,0,246602,246662,60,0.0,mv,,,,
5,mv,1,241797,241857,60,0.0,mv,,,,
5,mv,2,237139,237199,60,0.0,mv,,,,
5,mv,3,229526,229586,60,0.0,mv,,,,
5,mv,4,225756,225816,60,0.0,mv,,,,
5,mv,5,225824,225884,60,0.0,mv,,,,
5,mv,6,250576,250636,60,0.0,mv,,,,
5,mv,7,241884,241944,60,0.0,mv,,,,
5,mv,8,234028,234088,60,0.0,mv,,,,
5,mv,9,246695,246755,60,0.0,mv,,,,
5,mv,10,222849,222909,60,0.0,mv,,,,
5,mv,11,229642,229702,60,0.0,mv,,,,
5,mv,12,237283,237343,60,0.0,mv,,,,
5,mv,13,246765,246825,60,0.0,mv,,,,
5,mv,14,241727,241787,60,0.0,mv,,,,
5,mv,15,222782,222842,60,0.0,mv,,,,
5,mv,16,225937,225997,60,0.0,mv,,,,
5,mv,17,241987,242047,60,0.0,mv,,,,
5,mv,18,237002,237062,60,0.0,mv,,,,
5,mv,19,237071,237131,60,0.0,mv,,,,
6,mv,0,246537,246597,60,0.0,mv,,,,
6,mv,1,229403,229463,60,0.0,mv,,,,
6,mv,2,250132,250192,60,0.0,mv,,,,
6,mv,3,249767,249827,60,0.0,mv,,,,
6,mv,4,233007,233067,60,0.0,mv,,,,
6,mv,5,239593,239653,60,0.0,mv,,,,
6,mv,6,223866,223926,60,0.0,mv,,,,
6,mv,7,224529,224589,60,0.0,mv,,,,
6,mv,8,231931,231991,60,0.0,mv,,,,
6,mv,9,238604,238664,60,0.0,mv,,,,
6,mv,10,248892,248952,60,0.0,mv,,,,
6,mv,11,239662,239722,60,0.0,mv,,,,
6,mv,12,249657,249717,60,0.0,mv,,,,
6,mv,13,232098,232158,60,0.0,mv,,,,
6,mv,14,238691,238751,60,0.0,mv,,,,
6,mv,15,239533,239593,60,0.0,mv,,,,
6,mv,16,232908,232968,60,0.0,mv,,,,
6,mv,17,224403,224463,60,0.0,mv,,,,
6,mv,18,248980,249040,60,0.0,mv,,,,
6,mv,19,231991,232051,60,0.0,mv,,,,
7,mv,0,224465,224525,60,0.0,mv,,,,
7,mv,1,233068,233128,60,0.0,mv,,,,
7,mv,2,248664,248724,60,0.0,mv,,,,
7,mv,3,239797,239857,60,0.0,mv,,,,
7,mv,4,223676,223736,60,0.0,mv,,,,
7,mv,5,238437,238497,60,0.0,mv,,,,
7,mv,6,233129,233189,60,0.0,mv,,,,
7,mv,7,231642,231702,60,0.0,mv,,,,
7,mv,8,223797,223857,60,0.0,mv,,,,
7,mv,9,231749,231809,60,0.0,mv,,,,
7,mv,10,224621,224681,60,0.0,mv,,,,
7,mv,11,248789,248849,60,0.0,mv,,,,
7,mv,12,238529,238589,60,0.0,mv,,,,
7,mv,13,231809,231869,60,0.0,mv,,,,
7,mv,14,239728,239788,60,0.0,mv,,,,
7,mv,15,224690,224750,60,0.0,mv,,,,
7,mv,16,239450,239510,60,0.0,mv,,,,
7,mv,17,232663,232723,60,0.0,mv,,,,
7,mv,18,223980,224040,60,0.0,mv,,,,
7,mv,19,224198,224258,60,0.0,mv,,,,
8,mv,0,232377,232437,60,0.0,mv,,,,
8,mv,1,249490,249550,60,0.0,mv,,,,
8,mv,2,249281,249341,60,0.0,mv,,,,
8,mv,3,238866,238926,60,0.0,mv,,,,
8,mv,4,232439,232499,60,0.0,mv,,,,
8,mv,5,249205,249265,60,0.0,mv,,,,
8,mv,6,239183,239243,60,0.0,mv,,,,
8,mv,7,239099,239159,60,0.0,mv,,,,
8,mv,8,224117,224177,60,0.0,mv,,,,
8,mv,9,232524,232584,60,0.0,mv,,,,
8,mv,10,249344,249404,60,0.0,mv,,,,
8,mv,11,238957,239017,60,0.0,mv,,,,
8,mv,12,224055,224115,60,0.0,mv,,,,
8,mv,13,232802,232862,60,0.0,mv,,,,
8,mv,14,249596,249656,60,0.0,mv,,,,
8,mv,15,239374,239434,60,0.0,mv,,,,
8,mv,16,249118,249178,60,0.0,mv,,,,
8,mv,17,232197,232257,60,0.0,mv,,,,
8,mv,18,249045,249105,60,0.0,mv,,,,
8,mv,19,238780,238840,60,0.0,mv,,,,
9,mv,0,224278,224338,60,0.0,mv,,,,
9,mv,1,232309,232369,60,0.0,mv,,,,
9,mv,2,231581,231641,60,0.0,mv,,,,
9,mv,3,239287,239347,60,0.0,mv,,,,
9,mv,4,230336,230396,60,0.0,mv,,,,
9,mv,5,223606,223666,60,0.0,mv,,,,
9,mv,6,240272,240332,60,0.0,mv,,,,
9,mv,7,225107,225167,60,0.0,mv,,,,
9,mv,8,250060,250120,60,0.0,mv,,,,
9,mv,9,233537,233597,60,0.0,mv,,,,
9,mv,10,240195,240255,60,0.0,mv,,,,
9,mv,11,223326,223386,60,0.0,mv,,,,
9,mv,12,230689,230749,60,0.0,mv,,,,
9,mv,13,240350,240410,60,0.0,mv,,,,
9,mv,14,247981,248041,60,0.0,mv,,,,
9,mv,15,238120,238180,60,0.0,mv,,,,
9,mv,16,230759,230819,60,0.0,mv,,,,
9,mv,17,225035,225095,60,0.0,mv,,,,
9,mv,18,230897,230957,60,0.0,mv,,,,
9,mv,19,249964,250024,60,0.0,mv,,,,
10,mv,0,238199,238259,60,0.0,mv,,,,
10,mv,1,248095,248155,60,0.0,mv,,,,
10,mv,2,230963,231023,60,0.0,mv,,,,
10,mv,3,233470,233530,60,0.0,mv,,,,
10,mv,4,247762,247822,60,0.0,mv,,,,
10,mv,5,230493,230553,60,0.0,mv,,,,
10,mv,6,240531,240591,60,0.0,mv,,,,
10,mv,7,225228,225288,60,0.0,mv,,,,
10,mv,8,237969,238029,60,0.0,mv,,,,
10,mv,9,223181,223241,60,0.0,mv,,,,
10,mv,10,240471,240531,60,0.0,mv,,,,
10,mv,11,225300,225360,60,0.0,mv,,,,
10,mv,12,230403,230463,60,0.0,mv,,,,
10,mv,13,237886,237946,60,0.0,mv,,,,
10,mv,14,247885,247945,60,0.0,mv,,,,
10,mv,15,223265,223325,60,0.0,mv,,,,
10,mv,16,230564,230624,60,0.0,mv,,,,
10,mv,17,247822,247882,60,0.0,mv,,,,
10,mv,18,238051,238111,60,0.0,mv,,,,
10,mv,19,224972,225032,60,0.0,mv,,,,
11,mv,0,233242,233302,60,0.0,mv,,,,
11,mv,1,248508,248568,60,0.0,mv,,,,
11,mv,2,249828,249888,60,0.0,mv,,,,
11,mv,3,231437,231497,60,0.0,mv,,,,
11,mv,4,231246,231306,60,0.0,mv,,,,
11,mv,5,248394,248454,60,0.0,mv,,,,
11,mv,6,231320,231380,60,0.0,mv,,,,
11,mv,7,223492,223552,60,0.0,mv,,,,
11,mv,8,238367,238427,60,0.0,mv,,,,
11,mv,9,224755,224815,60,0.0,mv,,,,
11,mv,10,248603,248663,60,0.0,mv,,,,
11,mv,11,239928,239988,60,0.0,mv,,,,
11,mv,12,231503,231563,60,0.0,mv,,,,
11,mv,13,248218,248278,60,0.0,mv,,,,
11,mv,14,233378,233438,60,0.0,mv,,,,
11,mv,15,231094,231154,60,0.0,mv,,,,
11,mv,16,240126,240186,60,0.0,mv,,,,
11,mv,17,223389,223449,60,0.0,mv,,,,
11,mv,18,231027,231087,60,0.0,mv,,,,
11,mv,19,248279,248339,60,0.0,mv,,,,
12,mv,0,231184,231244,60,0.0,mv,,,,
12,mv,1,249898,249958,60,0.0,mv,,,,
12,mv,2,240065,240125,60,0.0,mv,,,,
12,mv,3,238259,238319,60,0.0,mv,,,,
12,mv,4,239995,240055,60,0.0,mv,,,,
12,mv,5,244544,244604,60,0.0,mv,,,,
12,mv,6,236271,236331,60,0.0,mv,,,,
12,mv,7,243461,243521,60,0.0,mv,,,,
12,mv,8,228637,228697,60,0.0,mv,,,,
12,mv,9,222472,222532,60,0.0,mv,,,,
12,mv,10,226863,226923,60,0.0,mv,,,,
12,mv,11,234689,234749,60,0.0,mv,,,,
12,mv,12,222104,222164,60,0.0,mv,,,,
12,mv,13,235531,235591,60,0.0,mv,,,,
12,mv,14,243547,243607,60,0.0,mv,,,,
12,mv,15,234768,234828,60,0.0,mv,,,,
12,mv,16,235447,235507,60,0.0,mv,,,,
12,mv,17,228118,228178,60,0.0,mv,,,,
12,mv,18,234324,234384,60,0.0,mv,,,,
12,mv,19,227312,227372,60,0.0,mv,,,,
13,mv,0,245375,245435,60,0.0,mv,,,,
13,mv,1,244477,244537,60,0.0,mv,,,,
13,mv,2,245853,245913,60,0.0,mv,,,,
13,mv,3,228178,228238,60,0.0,mv,,,,
13,mv,4,245460,245520,60,0.0,mv,,,,
13,mv,5,243363,243423,60,0.0,mv,,,,
13,mv,6,242926,242986,60,0.0,mv,,,,
13,mv,7,234625,234685,60,0.0,mv,,,,
13,mv,8,227469,227529,60,0.0,mv,,,,
13,mv,9,242795,242855,60,0.0,mv,,,,
13,mv,10,245960,246020,60,0.0,mv,,,,
13,mv,11,236206,236266,60,0.0,mv,,,,
13,mv,12,245230,245290,60,0.0,mv,,,,
13,mv,13,250941,251001,60,0.0,mv,,,,
13,mv,14,222035,222095,60,0.0,mv,,,,
13,mv,15,243665,243725,60,0.0,mv,,,,
13,mv,16,226601,226661,60,0.0,mv,,,,
13,mv,17,228045,228105,60,0.0,mv,,,,
13,mv,18,245291,245351,60,0.0,mv,,,,
13,mv,19,242856,242916,60,0.0,mv,,,,
14,mv,0,243753,243813,60,0.0,mv,,,,
14,mv,1,243813,243873,60,0.0,mv,,,,
14,mv,2,243979,244039,60,0.0,mv,,,,
14,mv,3,244060,244120,60,0.0,mv,,,,
14,mv,4,243881,243941,60,0.0,mv,,,,
14,mv,5,242986,243046,60,0.0,mv,,,,
14,mv,6,243091,243151,60,0.0,mv,,,,
14,mv,7,243300,243360,60,0.0,mv,,,,
14,mv,8,243160,243220,60,0.0,mv,,,,
14,mv,9,243223,243283,60,0.0,mv,,,,
14,mv,10,244838,244898,60,0.0,mv,,,,
14,mv,11,244903,244963,60,0.0,mv,,,,
14,mv,12,244644,244704,60,0.0,mv,,,,
14,mv,13,244751,244811,60,0.0,mv,,,,
14,mv,14,245126,245186,60,0.0,mv,,,,
14,mv,15,244973,245033,60,0.0,mv,,,,
14,mv,16,245035,245095,60,0.0,mv,,,,
14,mv,17,244256,244316,60,0.0,mv,,,,
14,mv,18,244334,244394,60,0.0,mv,,,,
14,mv,19,244134,244194,60,0.0,mv,,,,
15,mv,0,250879,250939,60,0.0,mv,,,,
15,mv,1,226664,226724,60,0.0,mv,,,,
15,mv,2,226757,226817,60,0.0,mv,,,,
15,mv,3,226521,226581,60,0.0,mv,,,,
15,mv,4,226989,227049,60,0.0,mv,,,,
15,mv,5,227095,227155,60,0.0,mv,,,,
15,mv,6,226925,226985,60,0.0,mv,,,,
15,mv,7,242522,242582,60,0.0,mv,,,,
15,mv,8,242648,242708,60,0.0,mv,,,,
15,mv,9,242709,242769,60,0.0,mv,,,,
15,mv,10,242582,242642,60,0.0,mv,,,,
15,mv,11,226359,226419,60,0.0,mv,,,,
15,mv,12,226426,226486,60,0.0,mv,,,,
15,mv,13,226296,226356,60,0.0,mv,,,,
15,mv,14,222997,223057,60,0.0,mv,,,,
15,mv,15,249410,249470,60,0.0,mv,,,,
15,mv,16,246081,246141,60,0.0,mv,,,,
15,mv,17,246255,246315,60,0.0,mv,,,,
15,mv,18,245556,245616,60,0.0,mv,,,,
15,mv,19,245690,245750,60,0.0,mv,,,,
16,mv,0,245755,245815,60,0.0,mv,,,,
16,mv,1,245618,245678,60,0.0,mv,,,,
16,mv,2,235955,236015,60,0.0,mv,,,,
16,mv,3,235893,235953,60,0.0,mv,,,,
16,mv,4,235828,235888,60,0.0,mv,,,,
16,mv,5,235742,235802,60,0.0,mv,,,,
16,mv,6,222276,222336,60,0.0,mv,,,,
16,mv,7,236069,236129,60,0.0,mv,,,,
16,mv,8,222167,222227,60,0.0,mv,,,,
16,mv,9,235382,235442,60,0.0,mv,,,,
16,mv,10,227170,227230,60,0.0,mv,,,,
16,mv,11,235667,235727,60,0.0,mv,,,,
16,mv,12,229795,229855,60,0.0,mv,,,,
16,mv,13,235603,235663,60,0.0,mv,,,,
16,mv,14,236671,236731,60,0.0,mv,,,,
16,mv,15,236611,236671,60,0.0,mv,,,,
16,mv,16,232725,232785,60,0.0,mv,,,,
16,mv,17,236538,236598,60,0.0,mv,,,,
16,mv,18,236454,236514,60,0.0,mv,,,,
16,mv,19,236374,236434,60,0.0,mv,,,,
17,mv,0,228544,228604,60,0.0,mv,,,,
17,mv,1,228250,228310,60,0.0,mv,,,,
17,mv,2,227832,227892,60,0.0,mv,,,,
17,mv,3,227930,227990,60,0.0,mv,,,,
17,mv,4,228727,228787,60,0.0,mv,,,,
17,mv,5,228876,228936,60,0.0,mv,,,,
17,mv,6,228389,228449,60,0.0,mv,,,,
17,mv,7,228470,228530,60,0.0,mv,,,,
17,mv,8,227713,227773,60,0.0,mv,,,,
17,mv,9,234982,235042,60,0.0,mv,,,,
17,mv,10,235055,235115,60,0.0,mv,,,,
17,mv,11,234512,234572,60,0.0,mv,,,,
17,mv,12,235290,235350,60,0.0,mv,,,,
17,mv,13,227605,227665,60,0.0,mv,,,,
17,mv,14,227397,227457,60,0.0,mv,,,,
17,mv,15,222365,222425,60,0.0,mv,,,,
17,mv,16,234152,234212,60,5.566735584104689e-06,mv,,,,
17,mv,17,248728,248788,60,5.754627040783719e-06,mv,,,,
17,mv,18,234431,234491,60,9.208628270316349e-06,mv,,,,
17,mv,19,234891,234951,60,1.0630701864065417e-05,mv,,,,
18,mv,0,234229,234289,60,0.0,mv,,,,
18,mv,1,223736,223796,60,0.0,mv,,,,
18,mv,2,236133,236193,60,0.0,mv,,,,
18,mv,3,235158,235218,60,0.0,mv,,,,
18,mv,4,244414,244474,60,0.0,mv,,,,
18,mv,5,228318,228378,60,4.714987364256042e-06,mv,,,,
18,mv,6,235228,235288,60,5.175231419565436e-06,mv,,,,
18,mv,7,228804,228864,60,8.341190353133616e-06,mv,,,,
18,mv,8,239032,239092,60,8.984794742593979e-06,mv,,,,
18,mv,9,237215,237275,60,9.11166712415841e-06,mv,,,,
18,mv,10,230830,230890,60,9.166576209017757e-06,mv,,,,
18,mv,11,234829,234889,60,9.47460779552862e-06,mv,,,,
18,mv,12,227531,227591,60,1.2833179008838603e-05,mv,,,,
18,mv,13,224342,224402,60,1.3592440324456885e-05,mv,,,,
18,mv,14,242303,242363,60,1.4916650351311295e-05,mv,,,,
18,mv,15,233311,233371,60,2.178741373593549e-05,mv,,,,
18,mv,16,227235,227295,60,2.972779790858588e-05,mv,,,,
18,mv,17,222538,222598,60,3.562393652032755e-05,mv,,,,
18,mv,18,233605,233665,60,3.7118669902678576e-05,mv,,,,
18,mv,19,225167,225227,60,5.104307885526345e-05,mv,,,,
19,density,0,127045,127105,60,0.0,density,0.010182649205988353,0.013635551024143855,0.013982554592417991,
19,density,1,127378,127438,60,1.426716937061483,density,0.008831132106052996,0.018886269060694818,0.023185856404650623,
19,density,2,117357,117417,60,1.8351463050480534,density,0.012181432845939,0.018386255634952105,0.025486660363738912,
19,density,3,221560,221620,60,2.124198151870794,density,0.010475983953928687,0.014451804150539193,0.019570169886488867,
19,density,4,147261,147321,60,2.1638307862140076,density,0.008003618292357543,0.010259499530910236,0.013236823802483557,
19,density,5,187479,187539,60,2.1785284286681503,density,0.008735559333331968,0.013396598799558332,0.012322930849802204,
19,density,6,166541,166601,60,2.455149966244179,density,0.008301475907515007,0.027548948373577194,0.02585323835783571,
19,density,7,210757,210817,60,2.4600335149077037,density,0.010667952645330818,0.01488733044463734,0.012859355753805316,
19,density,8,110566,110626,60,2.869228150375758,density,0.013975866493094622,0.03227209232252859,0.03975256140356396,
19,density,9,137266,137326,60,3.219369697638226,density,0.005950586661519794,0.021265064753972045,0.013898227096287132,
19,density,10,204996,205056,60,3.2460489164385313,density,0.0033650729488165585,0.005482014068762593,0.006637872107318578,
19,density,11,179553,179613,60,3.494279411497515,density,0.002376756011023102,0.008200533052406969,0.011642799783492357,
19,density,12,199770,199830,60,3.5706330465762477,density,0.0035688250712013502,0.005307564199296514,0.004315954135679957,
19,density,13,209383,209443,60,3.6544857054743938,density,0.0012687242185477395,0.011799646171502047,0.008936194314634537,
19,density,14,149644,149704,60,3.8714843527699276,density,0.011894397645224921,0.015052275088750237,0.03930655725195586,
19,density,15,133821,133881,60,4.004968892501847,density,0.007766642066477537,0.038509494291075114,0.03234494301455486,
19,density,16,42227,42287,60,4.037212568936893,density,0.0022763411904791553,0.00517383940639736,0.004004120225053539,
19,density,17,201722,201782,60,4.057390640805773,density,0.0013780144475860968,0.015294894631315161,0.009399690666060737,
19,density,18,68197,68257,60,4.097774498628983,density,0.001323422746567391,0.0017782190076644023,0.0052282974175369935,
19,density,19,200382,200442,60,4.1647560772907815,density,0.0012926966329636412,0.016021173390108636,0.015449737168409779,
20,density,0,221747,221807,60,8.429369702178807e-07,density,0.0052592950238674295,0.013169916489247917,0.012616038007341185,
20,density,1,200761,200821,60,1.43623576342943,density,0.003935715214765118,0.00474887339388549,0.006531852232389216,
20,density,2,116027,116087,60,1.5453104252527594,density,0.009240523844538388,0.012977402113421023,0.021645543702604162,
20,density,3,165781,165841,60,2.453310894937578,density,0.007869230477258652,0.012118381999267113,0.019353545685321452,
20,density,4,218376,218436,60,2.4981640716118796,density,0.0020691406822830145,0.005086678019915309,0.0076946819586476405,
20,density,5,2607,2667,60,2.5135774470904013,density,0.0032433573115958772,0.004105181911312301,0.004786118001858013,
20,density,6,176167,176227,60,2.629215584619447,density,0.002293564475490461,0.005142811444402836,0.004279863856860552,
20,density,7,116138,116198,60,2.6526632960001093,density,0.006039034996259903,0.007628267042902082,0.008142010266508909,
20,density,8,110744,110804,60,2.710858118871442,density,0.003781492243042482,0.0047496638029204214,0.0045662211525378535,
20,density,9,165667,165727,60,2.868194585476622,density,0.006134068662692699,0.012462411355895486,0.01292823460075588,
20,density,10,181157,181217,60,2.9495877046878505,density,0.007566954742610231,0.009316287794402068,0.015055925820663478,
20,density,11,206003,206063,60,3.0290352603105113,density,0.0026834414272951367,0.010739493214120254,0.028255530667268748,
20,density,12,109625,109685,60,3.074321022682558,density,0.008476106319838217,0.010302628897391104,0.014692249201486225,
20,density,13,195044,195104,60,3.128369901274306,density,0.004678264312932906,0.0066743444239215225,0.006885101294028157,
20,density,14,211846,211906,60,3.212588854303734,density,0.005145188655610573,0.01355209278974201,0.08183545345840951,
20,density,15,131379,131439,60,3.2343746549469565,density,0.004842412875795509,0.022339961450544184,0.025703133649504287,
20,density,16,184312,184372,60,3.2409025360049815,density,0.005568085179020965,0.006701203222683192,0.0073878683880619885,
20,density,17,681,741,60,3.259790775051925,density,0.008467046002650833,0.010207217449411369,0.024729497866623585,
20,density,18,197478,197538,60,3.270980240115739,density,0.0016173986853749971,0.005194834251790806,0.0072175599756566225,
20,density,19,28697,28757,60,3.3438494843447946,density,0.0016415622727258305,0.002297552318885922,0.005042603541314766,
21,density,0,44733,44793,60,5.118716966306468e-07,density,0.007577663120471176,0.011902637823003352,0.05538823964529801,
21,density,1,62773,62833,60,1.416946430984978,density,0.006990376028165427,0.012269192297356245,0.05089131198877684,
21,density,2,203165,203225,60,2.657099086570812,density,0.010215683547065054,0.01901111490912676,0.01720669306180003,
21,density,3,15340,15400,60,2.8717571755602664,density,0.0035236121172689057,0.012190232003101124,0.05508883736548104,
21,density,4,115611,115671,60,3.076150396486004,density,0.01367714191876875,0.018809013505713634,0.017003817114548195,
21,density,5,3747,3807,60,3.6916202369834155,density,0.0014153806856057349,0.011035528698408924,0.05669205819521076,
21,density,6,147505,147565,60,4.1897055676555155,density,0.0025493585693785034,0.012641272703056082,0.005602236520836557,
21,density,7,30589,30649,60,4.413253165817727,density,0.0010256119203250569,0.0019097009598086911,0.002311507516576379,
21,density,8,129458,129518,60,4.422785146551698,density,0.0036387696179478466,0.0116853737554231,0.010943936821099315,
22,density,0,29284,29344,60,3.397987559733206e-07,density,0.004712194330158099,0.01109597659387968,0.010894213131233291,
22,density,1,212055,212115,60,3.074474290890944,density,0.003458157981544062,0.008057864650481993,0.019366656711134692,
22,density,2,180952,181012,60,3.263502188883752,density,0.0070097530245789115,0.021157398333847777,0.018316631464977102,
22,density,3,174686,174746,60,3.7239498302549796,density,0.014892373782255533,0.01821879714863487,0.022788363182365583,
22,density,4,150292,150352,60,3.9012111152513262,density,0.00517516715082109,0.010994180231372818,0.016174828961010537,
22,density,5,150426,150486,60,3.932951314182009,density,0.007148688001239753,0.009999639335645759,0.014718801238926086,
22,density,6,903,963,60,4.164798247124117,density,0.002112294802195938,0.004768994097868789,0.043736337516698136,
22,density,7,132443,132503,60,4.179245295316847,density,0.014970526173235453,0.02230306653003938,0.019391396400221868,
22,density,8,123277,123337,60,4.2319411598532035,density,0.010662626065498742,0.02388425844024403,0.04443167532128016,
22,density,9,182774,182834,60,4.305224358830174,density,0.00409851329248808,0.005307470060511793,0.012022831102365447,
22,density,10,188194,188254,60,4.32944567833906,density,0.005067403488701063,0.009540628931077717,0.010223578379151515,
22,density,11,195342,195402,60,4.3743904541232475,density,0.005119248051767681,0.011597820766109103,0.02203929580277353,
22,density,12,137655,137715,60,4.382314989328769,density,0.00543688891913936,0.011811459099793524,0.01972236412894948,
22,density,13,115766,115826,60,4.430541237626031,density,0.003934733373632908,0.005088951927283509,0.009314551303642173,
22,density,14,146932,146992,60,4.435300342480314,density,0.004473444129977374,0.005477397124592899,0.011552689999666998,
22,density,15,65270,65330,60,4.435326418508349,density,0.006806435011237851,0.016847911553743006,0.04074751269681637,
22,density,16,100858,100918,60,4.498974346099166,density,0.009406709656008885,0.011851984067741642,0.013133797581633484,
23,density,0,168522,168582,60,1.3328003749250113e-07,density,0.004466561156484972,0.005444704599252195,0.06955581633928397,
23,density,1,69085,69145,60,3.3990455631009615,density,0.011133130729730495,0.013834334883417601,0.07860508637770983,
23,density,2,216969,217029,60,3.516694518997806,density,0.006038424065132819,0.008187177918991612,0.007266732074915838,
23,density,3,180493,180553,60,3.907803706747604,density,0.0040215227007183016,0.0074300138333576096,0.008652170227604672,
23,density,4,151406,151466,60,3.990859994335366,density,0.0033446121796212643,0.005265707513861439,0.004127266707586633,
23,density,5,1361,1421,60,4.079815335605902,density,0.0026993567185210556,0.007022132056246078,0.003475513560172785,
23,density,6,47553,47613,60,4.1807286787858455,density,0.0025100229108824743,0.00507777162329033,0.05151700901684111,
23,density,7,195866,195926,60,4.317171080932848,density,0.002136302077823559,0.00272470110616279,0.004146441719631449,
24,density,0,213429,213489,60,9.494741154953236e-07,density,0.010258058627256457,0.01232335164294257,0.02158046436415506,
24,density,1,1097,1157,60,2.6585845262807744,density,0.007002557645867752,0.020754296536759746,0.020842273949416887,
24,density,2,115873,115933,60,3.1151163739121848,density,0.014089439542417774,0.018026375876273582,0.023603138063972812,
24,density,3,58532,58592,60,3.1834505590370603,density,0.00510299395397955,0.007588433515289771,0.006158909464440994,
24,density,4,51019,51079,60,4.217561748512732,density,0.0038903164881932844,0.014540105132323646,0.005299351524904739,
24,density,5,57132,57192,60,4.21773707431379,density,0.0015720368437914616,0.013638453359734078,0.0020497231094783385,
24,density,6,212212,212272,60,4.33288726345884,density,0.00599862158511991,0.007723431506760303,0.009636346642614355,
24,density,7,198407,198467,60,4.445264004309771,density,0.0008929642137651297,0.005951128803518207,0.011307177903888474,
24,density,8,69905,69965,60,4.469878224607274,density,0.0011668314063074635,0.00173140034659617,0.004001970783312494,
25,density,0,109564,109624,60,3.332000937312528e-07,density,0.014040042699355213,0.018550411080378797,0.04443900073935758,
25,density,1,165122,165182,60,3.220440538203847,density,0.003507384133832601,0.007898003172282923,0.008263904128679805,
25,density,2,180873,180933,60,3.8392782297950183,density,0.008339140014732913,0.012135957084880432,0.010161835638923125,
25,density,3,21523,21583,60,3.984336792999293,density,0.0008330008943591863,0.006226932690579505,0.001006276694602874,
25,density,4,133127,133187,60,4.03489357552148,density,0.008224700692768783,0.013956145656244003,0.01060635698560946,
25,density,5,136058,136118,60,4.04794687575789,density,0.005649390706035113,0.013373056033077056,0.0069006246390367395,
25,density,6,176503,176563,60,4.452795391538246,density,0.0017432541557624208,0.008298324322135217,0.0021371737017865646,
26,density,0,68909,68969,60,1.4901161193847656e-07,density,0.010476526848161496,0.015494956936020092,0.036588956401202376,
26,density,1,138351,138411,60,2.9199655959868784,density,0.005091040983688483,0.007173615649086738,0.00750280582358833,
26,density,2,206348,206408,60,3.221997811748372,density,0.0022528512366196186,0.0036229518434072057,0.03228627040449364,
26,density,3,114187,114247,60,3.238174532390856,density,0.008091068771429871,0.014519580560703597,0.018628728836374578,
26,density,4,197785,197845,60,3.245297355993116,density,0.00232432275465971,0.004057371133687662,0.006876580362124757,
26,density,5,116631,116691,60,3.594402845094069,density,0.0035615793043576194,0.006559433737064417,0.01295462123473911,
26,density,6,197952,198012,60,3.624918808076785,density,0.001432063214769717,0.002080604911389185,0.004196716464984257,
26,density,7,6149,6209,60,3.6404644575961305,density,0.0071861457725444465,0.009757244607900319,0.027216643895947492,
26,density,8,69819,69879,60,3.7547549785789123,density,0.005504208287488145,0.009935451858591593,0.015256938043956182,
26,density,9,221842,221902,60,3.8178858248109777,density,0.011802464936705483,0.014624601622605095,0.015587359834108888,
26,density,10,196973,197033,60,3.9222636852113495,density,0.002682152618112266,0.003255527794356516,0.004552759353832543,
26,density,11,136573,136633,60,3.9320486410368742,density,0.002075284202687918,0.004556378608832815,0.023654083441000184,
26,density,12,164930,164990,60,4.0508005215829455,density,0.0020869577328309617,0.06454417151208922,0.07282569314039139,
26,density,13,68136,68196,60,4.338425802421725,density,0.0009206576402351588,0.0012273085815516385,0.006106625099735366,
27,density,0,67020,67080,60,2.903870737506463,density,0.0009492474128077209,0.0012953524696106607,0.0032827747406441498,
27,density,1,196890,196950,60,3.203693282601919,density,0.0017288987458098965,0.005729952290401906,0.06845395960723533,
27,density,2,38262,38322,60,3.3588971046058465,density,0.001678730988373335,0.0022532557475192184,0.02598582136601938,
27,density,3,82565,82625,60,3.462317997900176,density,0.0016899299525152732,0.014024391420110386,0.011532794221722884,
27,density,4,31655,31715,60,3.4950202820310605,density,0.00109720553764204,0.0013186524794597803,0.004832749459765368,
27,density,5,64855,64915,60,3.764640849307692,density,0.0008763291993914146,0.0013436572272242132,0.0038247189373042303,
27,density,6,47752,47812,60,3.7723702124382874,density,0.0026834490398149596,0.0063598120845700466,0.009499682925045464,
27,density,7,196636,196696,60,3.8055345900572637,density,0.0021788340452133636,0.0029194203824908583,0.0028730700950597276,
27,density,8,69410,69470,60,3.8126672033916034,density,0.0035437998437394583,0.01102342542934644,0.006296288284020448,
27,density,9,11228,11288,60,3.8270551376198334,density,0.0008323971272566756,0.001104465722543288,0.001269515044006402,
27,density,10,17963,18023,60,3.8676065389757244,density,0.0025786972344183936,0.0063583218155599235,0.019433144821141307,
27,density,11,208850,208910,60,4.0972874302376425,density,0.004535008962104516,0.011054428164222488,0.008038335840670522,
27,density,12,15118,15178,60,4.333705344752817,density,0.000879296351847059,0.001069599196219621,0.002504001672326584,
27,density,13,489,549,60,4.386376218040388,density,0.011868823386168497,0.014570156303116975,0.025454634957499053,
27,density,14,31340,31400,60,4.393997034026969,density,0.0011920494003491943,0.0014330332941329886,0.003125299042838496,
27,density,15,65591,65651,60,4.409532007366295,density,0.0008823660387743524,0.0016183183502487784,0.0040221890396344405,
27,density,16,65208,65268,60,4.47667423661737,density,0.003282133559581947,0.01510435847712008,0.005950137616765314,
28,density,0,67337,67397,60,2.2341805474747793e-06,density,0.012915237120292277,0.020298616545289427,0.015517695181709286,
28,density,1,52772,52832,60,4.43415717707623,density,0.007354860161054274,0.012284250198800736,0.009141053166243415,
29,density,0,200932,200992,60,2.715221664323366,density,0.0026878337251018524,0.0053238000046020315,0.009630434744411748,
29,density,1,146715,146775,60,2.720935385328538,density,0.0036816895066822345,0.006370827771910775,0.012398012620596944,
29,density,2,6957,7017,60,2.923922965537836,density,0.00355694856650504,0.006269162992336804,0.007604203511674233,
29,density,3,215032,215092,60,3.0129939485744046,density,0.003426881622111019,0.007749600805524658,0.005452583999329955,
29,density,4,177640,177700,60,3.0170204681233237,density,0.0025363386788322976,0.008045861715533502,0.005990651323232356,
29,density,5,213083,213143,60,3.0698181970828573,density,0.0026932428126611734,0.005517154769727457,0.006006778715166021,
29,density,6,200674,200734,60,3.1894553950597087,density,0.0020961976291318466,0.019193593043554075,0.01948538914577352,
29,density,7,189232,189292,60,3.1897372585270207,density,0.0019250286368760366,0.008473435112588563,0.004354214152520047,
29,density,8,201414,201474,60,3.2965790451195467,density,0.0013438717534272075,0.00243528198809577,0.004373315038707551,
29,density,9,136139,136199,60,3.3309140037154235,density,0.004348424443897419,0.013513926352951667,0.009967476404265568,
29,density,10,181344,181404,60,3.332332410157358,density,0.002203850331381183,0.004963082351786249,0.008657652902928822,
29,density,11,127690,127750,60,3.357866373184125,density,0.004326412480118547,0.006880171917325551,0.007237055467807408,
29,density,12,3358,3418,60,3.370009540312939,density,0.001235485183125776,0.007773455967066304,0.004965453778177212,
29,density,13,10411,10471,60,3.4215398281546006,density,0.002507852364886273,0.004574333724026415,0.03059419563295221,
29,density,14,177111,177171,60,3.514207205057246,density,0.0008652740353634999,0.002344293657769392,0.005364272310509448,
29,density,15,186015,186075,60,3.5400769498988387,density,0.0013775984920180715,0.005720900885118204,0.005672964900247086,
29,density,16,149795,149855,60,3.570790044400538,density,0.0011677649518144703,0.010895520416589002,0.009999301978159925,
29,density,17,137757,137817,60,3.604662663378306,density,0.0054790847396969395,0.011840728486760925,0.013923199741212961,
29,density,18,117580,117640,60,3.6769227050037157,density,0.0028923303936990883,0.00732992545051066,0.005744388842482875,
29,density,19,128125,128185,60,3.7389905990286363,density,0.0036417136565525202,0.005074540161284078,0.007896299530112762,
30,density,0,190780,190840,60,3.7734737999750365,density,0.0015384871659293177,0.009510004165667637,0.010350444958541765,
30,density,1,146340,146400,60,3.923360695023186,density,0.002859991223333208,0.01208899055830133,0.029133126880430977,
30,density,2,129576,129636,60,3.93231392215531,density,0.006298427632760909,0.011623408276430588,0.014814145719888615,
30,density,3,200261,200321,60,3.953334393261053,density,0.001694569300535991,0.01790414857131113,0.04795160632378132,
30,density,4,101569,101629,60,4.020566478433937,density,0.0017687296711552136,0.002389583044689194,0.003654178323191788,
30,density,5,195613,195673,60,4.029310406529233,density,0.0020778849158180255,0.002575677749559998,0.004627854362409168,
30,density,6,147386,147446,60,4.029635088975938,density,0.0038685208156477966,0.005357749155653311,0.005340656887760139,
30,density,7,12005,12065,60,4.047644492073513,density,0.001099936365873006,0.0036978757668473233,0.004302418994792642,
30,density,8,85928,85988,60,4.077236197389489,density,0.004563414583957102,0.0059546692328952015,0.009625919033653382,
30,density,9,206284,206344,60,4.141649039467322,density,0.002239455743711989,0.004990855988282367,0.04259426971819042,
30,density,10,5652,5712,60,4.149746042434693,density,0.008961675536103457,0.01760681395381841,0.013245074985954761,
30,density,11,127312,127372,60,4.170049344088986,density,0.0025818019883564903,0.008661956156435401,0.02021183779171987,
30,density,12,48352,48412,60,4.193004587432817,density,0.0027743940884190524,0.004216909527655841,0.004458833652529659,
30,density,13,199945,200005,60,4.223881628912691,density,0.0013907269498529204,0.0022378320511135287,0.0016695169792156845,
30,density,14,37993,38053,60,4.232453825871762,density,0.002056382389729284,0.00955738111142462,0.005846919168828772,
30,density,15,46618,46678,60,4.233598627279968,density,0.001877416860597879,0.0026750698430114323,0.0030604165218710232,
30,density,16,182584,182644,60,4.255639898079079,density,0.011578558362259213,0.016467434199183905,0.02523322346309433,
30,density,17,46856,46916,60,4.268064035938912,density,0.0029996084135437808,0.058833149905858306,0.011196922218246762,
30,density,18,121760,121820,60,4.27195314862192,density,0.01249942018085442,0.022092721790621214,0.016255894701904153,
30,density,19,183720,183780,60,4.497397314326212,density,0.002765746803743054,0.015083685468764119,0.019651933232171848,
31,density,0,53524,53584,60,3.2792044140130856,density,2.5846147618756082e-05,0.0013922628943804495,0.005480032018291672,
31,density,1,22036,22096,60,4.02358857792589,density,0.0008709378659482859,0.0012907019109941811,0.0026338705640851588,
32,inverse,0,114017,114077,60,1.999200562387517e-07,inverse,0.14572947692111116,0.01475595285288948,0.011931523390531596,
32,inverse,1,165851,165911,60,1.5445146259644804,inverse,0.033503033026388955,0.014396857011093844,0.011266136126245493,
32,inverse,2,192540,192600,60,2.151754953576389,inverse,0.014123909871802214,0.010242629473551174,0.007843233701175758,
32,inverse,3,125915,125975,60,2.160151492922966,inverse,0.022535448215528293,0.012741628760109088,0.011622293930084076,
32,inverse,4,143116,143176,60,2.780344860996842,inverse,0.009910527707492773,0.00818187527218904,0.0032601868238919716,
32,inverse,5,121704,121764,60,2.9099388627693243,inverse,0.02477993101651712,0.009040702491781358,0.007064431617943767,
32,inverse,6,177266,177326,60,2.9266836804705023,inverse,0.02315161685749084,0.013045934915819894,0.008499400393793448,
32,inverse,7,93717,93777,60,2.967872628906004,inverse,0.09429690354512853,0.009365917034494594,0.009075483512475252,
32,inverse,8,184210,184270,60,3.1436699250462516,inverse,0.03194041272424217,0.01439784873274785,0.01119289477495378,
32,inverse,9,17182,17242,60,3.1741468386391385,inverse,0.011409413455614617,0.0056308528314729465,0.006294594822633159,
32,inverse,10,71994,72054,60,3.265301276382205,inverse,0.007848562476152936,0.006360982758536809,0.003911274993461354,
32,inverse,11,113178,113238,60,3.354640300872069,inverse,0.03174715571798241,0.010328557754024865,0.005711900687071598,
32,inverse,12,178859,178919,60,3.4033497292744483,inverse,0.03180322801032137,0.01030875038148619,0.0054244821981663666,
32,inverse,13,139989,140049,60,3.552939776386939,inverse,0.0057988183755605886,0.0007786193020741751,0.0018022232875867608,
32,inverse,14,96459,96519,60,3.5588484077456193,inverse,0.028551858871916178,0.014736069205169264,0.003208157969895046,
32,inverse,15,194720,194780,60,3.5903630958048898,inverse,0.015398861347815108,0.0002609802617199273,0.007543528754518133,
32,inverse,16,153654,153714,60,3.626595386062056,inverse,0.00604261705628532,0.0006341335078895455,0.004183097962850049,
32,inverse,17,56459,56519,60,3.6285511826559977,inverse,0.014335634124899353,0.00460858890256044,0.007648383978002056,
32,inverse,18,77594,77654,60,3.6317820036448643,inverse,0.017006578827140795,0.009455071332691401,0.0023396245350459587,
32,inverse,19,113118,113178,60,3.678068387369143,inverse,0.033531297016801215,0.005660119100742612,0.004718140496771619,
33,inverse,0,185523,185583,60,2.103123517558259e-06,inverse,0.02338552805382351,0.013608152262833849,0.014969440193300055,
33,inverse,1,26341,26401,60,4.261947222099674,inverse,0.004853351204968404,0.0013687188623267889,0.0024765164509855412,
34,inverse,0,210775,210835,60,4.4203987640712637e-07,inverse,0.01416099462426637,0.011240986593809912,0.011545224111824091,
34,inverse,1,53480,53540,60,2.037786865167994,inverse,0.013054125332813601,0.006349924244623333,0.005135272703651631,
34,inverse,2,180751,180811,60,2.4127650454888925,inverse,0.00774304105362269,0.00465375166266959,0.004849509395696044,
34,inverse,3,199799,199859,60,2.5000452009998924,inverse,0.007745649573829411,0.004499344369456104,0.004275609141294089,
34,inverse,4,190861,190921,60,2.6980299422034983,inverse,0.008555184827684997,0.0043944454616469475,0.006190996913067916,
34,inverse,5,176544,176604,60,2.791886848030585,inverse,0.01684365276201241,0.00797383325024134,0.010026988637681327,
34,inverse,6,100739,100799,60,2.9000817480510794,inverse,0.02287055039765486,0.004881643831307279,0.011715017234011584,
34,inverse,7,200445,200505,60,3.1477642233208933,inverse,0.004643085499947498,0.0008982371970096179,0.0037324146038861875,
34,inverse,8,155650,155710,60,3.217787847294591,inverse,0.01494271821946646,0.0008281459854336682,0.01002246087037966,
34,inverse,9,88411,88471,60,3.2305175881811468,inverse,0.01789271032870243,0.0035443949661128054,0.013124098109251236,
34,inverse,10,144807,144867,60,3.2748587522327695,inverse,0.006734235555529497,0.004069121358993075,0.005238938483334325,
34,inverse,11,54195,54255,60,3.449176385102892,inverse,0.010416562313945131,0.008373636412587732,0.0010691616178992963,
34,inverse,12,34603,34663,60,3.4614986444293834,inverse,0.01161648900621261,0.006197180136290854,0.006493383983909192,
34,inverse,13,55354,55414,60,3.613233325756525,inverse,0.00423112953900688,0.0009380496098495983,0.0026508718478755757,
34,inverse,14,4920,4980,60,3.686952423320769,inverse,0.013061111013185042,0.0013831800084314352,0.005170254155836322,
34,inverse,15,21406,21466,60,3.700157187182524,inverse,0.005959946317302468,0.0049435658155878885,0.001183766578656669,
34,inverse,16,100667,100727,60,3.7989410359483426,inverse,0.008695326094950996,0.006839333074614298,0.007235190468591747,
34,inverse,17,135924,135984,60,3.831412889654208,inverse,0.0043601679137631605,0.00010039110696109,0.0012574970125903858,
34,inverse,18,181038,181098,60,3.875605603926378,inverse,0.007825035296919027,0.003037152966186054,0.0012174125394567544,
34,inverse,19,42174,42234,60,3.9628051553676946,inverse,0.0069065469104586975,0.0038442645264091914,0.005580804659548772,
35,inverse,0,151575,151635,60,1.763129169672613e-07,inverse,0.012884125340272166,0.008940617767394599,0.006071595964528712,
35,inverse,1,121566,121626,60,2.088103790266355,inverse,0.016107373291900515,0.008797620708182113,0.009053691521138942,
35,inverse,2,94902,94962,60,2.4871149648015174,inverse,0.020379093638533567,0.008100443946948248,0.011890529365230903,
35,inverse,3,96353,96413,60,2.5568768187965505,inverse,0.009870924762596663,0.00802688986994046,0.007882225158131268,
35,inverse,4,151194,151254,60,2.90688643831221,inverse,0.004508512574312999,0.00041785081387938993,0.0009167760801869018,
35,inverse,5,84982,85042,60,2.936911744520695,inverse,0.005948644370078049,0.003057760650542343,0.0037902986131649616,
35,inverse,6,127185,127245,60,2.996537683971658,inverse,0.005043775780364205,0.004028393049309927,0.00196451100805311,
35,inverse,7,193965,194025,60,3.0004246910671326,inverse,0.01253328979986882,0.000745336336308336,0.004757121228236173,
35,inverse,8,175302,175362,60,3.1601427087624216,inverse,0.0031995295065220084,0.0008096324589761728,0.0022887760307274646,
35,inverse,9,105128,105188,60,3.1826304482233683,inverse,0.014665155474674164,0.0007627529788946821,0.004990504235214792,
35,inverse,10,138254,138314,60,3.1918894960764193,inverse,0.004912010479684042,0.00023295915668906014,0.001905576782155585,
35,inverse,11,171568,171628,60,3.233355030328841,inverse,0.01179392348089597,0.008460257439986518,0.009547367249808692,
35,inverse,12,182524,182584,60,3.2782231626642977,inverse,0.007146462543171369,0.0008665208069964795,0.0018051127447856591,
35,inverse,13,89735,89795,60,3.2800617528395573,inverse,0.01857621131611302,0.002820911331778872,0.004682136177032153,
35,inverse,14,84583,84643,60,3.310100016770093,inverse,0.016316682431715284,0.007296017515997295,0.004697229750381175,
35,inverse,15,95286,95346,60,3.3214458319932447,inverse,0.007249335328515969,0.0003827150156653319,0.00238168282784256,
35,inverse,16,92851,92911,60,3.3443298093564873,inverse,0.009166586142665197,0.0007400111837717569,0.005090355586109664,
35,inverse,17,135274,135334,60,3.3703777155134054,inverse,0.010049763932643977,0.0006553850519754482,0.00435027512846176,
35,inverse,18,93785,93845,60,3.373626818739397,inverse,0.01596629410329576,0.0005882810005654361,0.0043096245526192825,
35,inverse,19,91815,91875,60,3.41914001930759,inverse,0.010262160926354985,0.001009057544326015,0.003974685968483826,
36,inverse,0,131952,132012,60,9.400731501333419e-07,inverse,0.012728475254875448,0.005039305493303195,0.010495448462428404,
36,inverse,1,186485,186545,60,1.7343535263144192,inverse,0.014270366348039791,0.004738062773294984,0.0069328169301473,
36,inverse,2,1216,1276,60,1.7976881702020464,inverse,0.014145052408477635,0.01081080582209236,0.008605858462856185,
36,inverse,3,123866,123926,60,1.8586327254628032,inverse,0.012615376463629435,0.004840495505885747,0.004421128432687339,
36,inverse,4,109177,109237,60,2.0707401507325573,inverse,0.010046368943715044,0.004210050589820849,0.004732090232605491,
36,inverse,5,200724,200784,60,2.125191172620403,inverse,0.01319911801284738,0.008532403451493283,0.007743798588048658,
36,inverse,6,185606,185666,60,2.2424688054106854,inverse,0.00900945305553557,0.004812892853534657,0.007464944577861691,
36,inverse,7,150348,150408,60,2.246549487381481,inverse,0.006156045832614263,0.004992793048862492,0.005104733068241386,
36,inverse,8,118511,118571,60,2.310428194570939,inverse,0.016609281039221074,0.005401997864545408,0.011723341342012588,
36,inverse,9,154628,154688,60,2.3750984901784835,inverse,0.014428941829999724,0.004755010347052487,0.0072051177678642015,
36,inverse,10,3961,4021,60,2.4096591521802186,inverse,0.021837954211259038,0.007860465144947338,0.00627148897562101,
36,inverse,11,77861,77921,60,2.534380861951035,inverse,0.010234430137935846,0.003369246290144239,0.007058567332259519,
36,inverse,12,181800,181860,60,2.5804500582284056,inverse,0.01337812604862328,0.0005111927652696441,0.007984340592117192,
36,inverse,13,118616,118676,60,2.6311550182623873,inverse,0.006640714017091333,0.0048236200177934506,0.0052593951619352534,
36,inverse,14,126629,126689,60,2.781852141853705,inverse,0.015551693474350587,0.004767009220796954,0.0050234708265223665,
36,inverse,15,184413,184473,60,2.808835963331695,inverse,0.010993837404299173,0.005433397141317209,0.004964136247686846,
36,inverse,16,110491,110551,60,2.828694381091058,inverse,0.009256648591732038,0.004478375977887675,0.004287168558670801,
36,inverse,17,200842,200902,60,2.9936527820327927,inverse,0.012796331128820839,0.0044551414255654285,0.009478721481627064,
36,inverse,18,14215,14275,60,2.9941342656829986,inverse,0.0061693559973298945,0.0050923758920085,0.004592310163390888,
36,inverse,19,115659,115719,60,3.003485658397799,inverse,0.0183990865715064,0.011409049846967816,0.014367111236581163,
37,inverse,0,176119,176179,60,2.4366929916785445e-06,inverse,0.005957121121831366,0.004667045078640752,0.004774120515502532,
37,inverse,1,57731,57791,60,1.8694608466997147,inverse,0.02008020201783231,0.007869712425023032,0.006365086307099074,
37,inverse,2,110621,110681,60,2.1329344398607244,inverse,0.017528686720916883,0.011553186525676554,0.014376478134962069,
37,inverse,3,12359,12419,60,2.4376949447952625,inverse,0.008027274499637659,0.004141237068285029,0.0037975874312829116,
37,inverse,4,26806,26866,60,2.540650779072729,inverse,0.009086186428329292,0.005230776989076021,0.0037180079524469227,
37,inverse,5,173225,173285,60,2.7562820938940664,inverse,0.015475752896600341,0.0017804168617356459,0.008525916959228094,
37,inverse,6,54014,54074,60,2.8696833807660185,inverse,0.009881219356563465,0.008150563250794147,0.003231164189843535,
37,inverse,7,43759,43819,60,3.032567733561679,inverse,0.0031282274697446407,0.0014077432463584917,0.0026055683894105758,
37,inverse,8,52469,52529,60,3.052480015528626,inverse,0.011328187447130973,0.005695588779104586,0.0033573386755953883,
37,inverse,9,192688,192748,60,3.1202380578193507,inverse,0.022635265164265027,0.006340297368234863,0.009605939735763415,
37,inverse,10,186863,186923,60,3.160642678749172,inverse,0.005676269623538684,0.0028652754797086804,0.001528077107356737,
37,inverse,11,160235,160295,60,3.3783553717612267,inverse,0.007184660338693385,0.000860430569589933,0.004684574117821426,
37,inverse,12,217990,218050,60,3.4837338048460875,inverse,0.006599937401254509,0.0005636860785695031,0.001518009064742571,
37,inverse,13,41500,41560,60,3.6462834928123997,inverse,0.015477100038496271,0.011156848346188927,0.0033436214856115195,
37,inverse,14,110362,110422,60,3.6469037920326626,inverse,0.003797156776116599,0.0006738162859540161,0.003154030852040685,
37,inverse,15,106434,106494,60,3.707260315673969,inverse,0.008644738857854033,0.004001431168624826,0.006569058926094296,
37,inverse,16,123570,123630,60,3.7447104075907904,inverse,0.0045278672727668496,0.0005310213502267288,0.002636919918712071,
37,inverse,17,158534,158594,60,3.7459182974812713,inverse,0.015198937676455278,0.0007391659753762809,0.008837693248092542,
37,inverse,18,42432,42492,60,3.9572797902850496,inverse,0.021767293876366178,0.0018523542786071478,0.0062802096807427245,
37,inverse,19,16905,16965,60,3.9687193322806014,inverse,0.007510502562811432,0.005268985804312425,0.0009804096754307975,
38,inverse,0,15294,15354,60,4.876118978795775e-06,inverse,0.022336918268140202,0.013858240458644156,0.004673980951773121,
38,inverse,1,101852,101912,60,2.8131023275698688,inverse,0.011057741034492046,0.005428889083583801,0.0029259219893020094,
38,inverse,2,53879,53939,60,2.9379469406004195,inverse,0.01354088074533112,0.0014819854131631184,0.0049617330251444085,
38,inverse,3,80366,80426,60,3.1405992124742226,inverse,0.0042332767752450715,0.0012456822143522208,0.003502909580725588,
38,inverse,4,85261,85321,60,3.2150344012124483,inverse,0.014965006858044944,0.009813330675088463,0.0067503818253195624,
38,inverse,5,217635,217695,60,3.2155649362017287,inverse,0.007248977989261377,0.0060343001009727825,0.002890971444606151,
38,inverse,6,161371,161431,60,3.3947728368599037,inverse,0.005486667671248137,0.0007238877769054781,0.0033792806979571263,
38,inverse,7,89532,89592,60,3.4464792526084005,inverse,0.006677269952275412,0.002665007082482724,0.005437890454722845,
38,inverse,8,194199,194259,60,3.7381592095517395,inverse,0.007639243222305983,0.0008032180181421025,0.002649755953567,
38,inverse,9,53770,53830,60,3.9661545977246213,inverse,0.014580552491297477,0.0013846055532820455,0.004479010412544718,
38,inverse,10,113788,113848,60,4.005086571985215,inverse,0.05114272629830417,0.0049263146361720805,0.014687168441979924,
38,inverse,11,59290,59350,60,4.050574428009873,inverse,0.010820385938369238,0.0011817713573923543,0.0038859775827713807,
38,inverse,12,86798,86858,60,4.068149339573175,inverse,0.012929850168956838,0.0005963113376646944,0.0024915206445906084,
38,inverse,13,172118,172178,60,4.0767579927674475,inverse,0.0033796522995940986,0.0006153703357600571,0.0015774977189690054,
38,inverse,14,188868,188928,60,4.120694630879238,inverse,0.016071721925618846,0.0003757441967196301,0.00220641515347108,
38,inverse,15,181860,181920,60,4.125293179407011,inverse,0.007341969924537117,0.0003173609938709318,0.0013402580830051594,
38,inverse,16,120781,120841,60,4.175067132122607,inverse,0.010403850861729099,0.0008662519141436361,0.0020131534153765354,
38,inverse,17,96005,96065,60,4.1825196676049075,inverse,0.015552699662025993,0.0010172871429617986,0.002583177599727702,
38,inverse,18,161038,161098,60,4.187876088357103,inverse,0.0039868884881225,0.0011177151638735903,0.0031884387910861107,
38,inverse,19,45091,45151,60,4.255254991322096,inverse,0.042026703356287214,0.014948129094456626,0.0024818820443104172,
39,inverse,0,67572,67632,60,5.096981339599809e-06,inverse,0.018352516282494853,0.014841859302153362,0.003052758657193052,
39,inverse,1,138557,138617,60,1.9418840128656267,inverse,0.009510952061149889,0.004292370846069723,0.005127394124939152,
39,inverse,2,78469,78529,60,2.557646354754615,inverse,0.011538215115526974,0.003914544897506918,0.006372417450624528,
39,inverse,3,191628,191688,60,2.6411201687306005,inverse,0.010016933920352347,0.004256191408715376,0.002026451836722175,
39,inverse,4,21783,21843,60,2.8424590620232513,inverse,0.010922023989863488,0.009019865840890836,0.0018735910522813923,
39,inverse,5,69547,69607,60,2.842772063558901,inverse,0.007513043679205306,0.005987923776487342,0.006189565879529776,
39,inverse,6,3153,3213,60,2.961548995973381,inverse,0.005277205788562779,0.0038918479158451392,0.003010571959127107,
39,inverse,7,52624,52684,60,3.0055797485633042,inverse,0.004738375061735675,0.003426775908059923,0.003346589253276494,
39,inverse,8,176782,176842,60,3.085300782093106,inverse,0.005052122955003506,0.0008274575957469427,0.0019190428234299509,
39,inverse,9,75680,75740,60,3.2354714401886993,inverse,0.007965435433724712,0.0010589539563757905,0.002823852936644085,
39,inverse,10,43676,43736,60,3.2841248244400396,inverse,0.009673597053957242,0.0008185558682909085,0.005149700589901518,
39,inverse,11,3079,3139,60,3.3227556631662347,inverse,0.008066998697622622,0.006552119971478343,0.004611712727755783,
39,inverse,12,53402,53462,60,3.4788134639077684,inverse,0.01273926613534719,0.01020816234814931,0.0029697723138810243,
39,inverse,13,7990,8050,60,3.4848845999375504,inverse,0.09072059433806612,0.010274370362181155,0.008782347004409446,
39,inverse,14,25966,26026,60,3.6134969038329467,inverse,0.007157508064631899,0.002759397422366996,0.0037215773354841984,
39,inverse,15,52559,52619,60,3.7537228731941936,inverse,0.008498081243997533,0.00583907398402564,0.004717416699918056,
39,inverse,16,29489,29549,60,3.760951703375792,inverse,0.014649701402023776,0.010428925292335443,0.0025908131316789056,
39,inverse,17,96276,96336,60,3.926827786000971,inverse,0.007431851993233989,0.0044516344658852795,0.0009281218367568797,
39,inverse,18,72751,72811,60,3.961095906982302,inverse,0.006525367234930592,0.0011376790366707426,0.004382384881922702,
39,inverse,19,23811,23871,60,3.98027984131463,inverse,0.013069094926241868,0.001299876107615529,0.0035515420456438715,
40,inverse,0,221545,221605,60,6.597025281542139e-07,inverse,0.012856222877929627,0.01046406210590965,0.008778299903691679,
40,inverse,1,111060,111120,60,1.998074843340244,inverse,0.007865125986031353,0.0022855771446192203,0.006275649225068408,
40,inverse,2,114106,114166,60,3.6575357290327983,inverse,0.04287983074231731,0.014996142442314689,0.00805452336104432,
40,inverse,3,97796,97856,60,3.6729982055293693,inverse,0.011555909223079409,0.000777575966818242,0.0014663468207417667,
40,inverse,4,117128,117188,60,3.8607518325970904,inverse,0.009851576683416357,0.0005768784529991003,0.0031828318517582365,
40,inverse,5,132924,132984,60,4.1536687622750215,inverse,0.00475341982740207,0.0006011746189152065,0.0016058909751082639,
40,inverse,6,60427,60487,60,4.191699654834759,inverse,0.05882056695615403,0.014722482438447131,0.007464233260011263,
40,inverse,7,212195,212255,60,4.234631921505592,inverse,0.015305630178764922,0.0073298563145070775,0.006698123045789399,
40,inverse,8,70397,70457,60,4.254864739554947,inverse,0.002451398451417207,0.0016419343382735167,0.0017829094245654297,
40,inverse,9,161271,161331,60,4.292641614722932,inverse,0.007710373478687337,0.0009024438296159206,0.002708250229647007,
40,inverse,10,56129,56189,60,4.364197462646038,inverse,0.002806244689740141,0.0006798989620080645,0.0012664720159648187,
40,inverse,11,198695,198755,60,4.394613485994119,inverse,0.0065363255874363434,0.0007449914097775747,0.0033294746976779035,
40,inverse,12,212976,213036,60,4.4890241164703975,inverse,0.01581838747768523,0.008069952747102345,0.012670248881985209,
41,inverse,0,99223,99283,60,1.1789822843582917e-06,inverse,0.03429788807755973,0.00512523513424676,0.008000873550705657,
41,inverse,1,87522,87582,60,1.5218784671050125,inverse,0.016991738793395605,0.0039087184567264815,0.005311851792234655,
41,inverse,2,95779,95839,60,2.7489522597684553,inverse,0.01231520133922839,0.0011587239535678104,0.0047823758143122645,
41,inverse,3,94407,94467,60,2.8219428388532606,inverse,0.010181372295320573,0.0008398352019879687,0.005499058194271125,
41,inverse,4,89047,89107,60,2.9534720066041102,inverse,0.009827118048813388,0.005546866182960861,0.006799659256191595,
41,inverse,5,175957,176017,60,2.9661942495093028,inverse,0.010242141350936547,0.0024212978305067153,0.003748125740336204,
41,inverse,6,88009,88069,60,3.1823321980158212,inverse,0.010587778510118185,0.008696933421338204,0.0022561392011330138,
41,inverse,7,90923,90983,60,3.200239828902426,inverse,0.01088273735206289,0.0004594020879375071,0.006150401774245632,
41,inverse,8,182443,182503,60,3.276109851356122,inverse,0.015243961460373143,0.0008632409497481523,0.0018913002093872216,
41,inverse,9,178748,178808,60,3.481260905679818,inverse,0.019869972295250234,0.0002813791579458786,0.0038031715477409955,
41,inverse,10,96579,96639,60,3.5067134735803656,inverse,0.01657250195750926,0.0050355052516144715,0.009412091316352232,
41,inverse,11,167898,167958,60,3.507158363153031,inverse,0.003213364691120072,0.0007188628003865062,0.0008575221481323762,
41,inverse,12,114274,114334,60,3.5372797111187944,inverse,0.014208677589423823,0.0009804343993901734,0.009057055716017082,
41,inverse,13,98235,98295,60,3.6140995517921204,inverse,0.009822621610875841,0.0031045872371034734,0.00784600764846244,
41,inverse,14,58733,58793,60,3.6200814796777703,inverse,0.00851362431582524,0.006609350170187468,0.001172279031423342,
41,inverse,15,84482,84542,60,3.686125997438415,inverse,0.014989668748000099,0.002097288401455199,0.007693100963738368,
41,inverse,16,210020,210080,60,3.696163253832801,inverse,0.005674717426777322,0.0007183254074989322,0.0034978212937652018,
41,inverse,17,119686,119746,60,3.7055126071741,inverse,0.017386556765596927,0.0009275081815148757,0.002454320236334433,
41,inverse,18,114403,114463,60,3.750418174775226,inverse,0.012962253704598128,0.0049461604829159015,0.007671471860617791,
41,inverse,19,169091,169151,60,3.825630374363474,inverse,0.011462802005357169,0.0002279768250831819,0.003951916200025826,
42,dynamic,0,78304,78364,60,9.494741154953236e-07,dynamic,0.02632709963920769,0.00811821163362629,0.12074448167414452,
42,dynamic,1,200614,200674,60,0.7737623647606008,dynamic,0.023100588732509156,0.01995985457180363,0.017333732816682865,
42,dynamic,2,132319,132379,60,0.9628396407541214,dynamic,0.027478018167848853,0.019940359928528384,0.027763738609351912,
42,dynamic,3,134319,134379,60,1.1196969309739309,dynamic,0.018158134835189237,0.0126683337932938,0.01627176992971451,
42,dynamic,4,221572,221632,60,1.4285859328483195,dynamic,0.008664002563303392,0.01371538658256223,0.020978927231481197,
42,dynamic,5,127055,127115,60,1.4457890255605714,dynamic,0.010137615715561099,0.012792540848528804,0.015646975854449026,
42,dynamic,6,131805,131865,60,1.452406410902046,dynamic,0.029068870482701917,0.02144060097295744,0.027307800812723604,
42,dynamic,7,165866,165926,60,1.455386420042409,dynamic,0.03582597956592592,0.015697248793976142,0.014807449164324261,
42,dynamic,8,114035,114095,60,1.464383030512709,dynamic,0.2033177674880017,0.0149767660517876,0.01611368642290291,
42,dynamic,9,210766,210826,60,1.467589302254354,dynamic,0.012694329995542958,0.014157420409279128,0.013688361045361357,
42,dynamic,10,125965,126025,60,1.5042786802608603,dynamic,0.03456869392937074,0.022234715330581953,0.02426884108690198,
42,dynamic,11,213417,213477,60,1.76983622027899,dynamic,0.016308009657533883,0.0193035534715997,0.023506606446770398,
42,dynamic,12,252029,252089,60,1.8117413799176554,dynamic,0.012879777174944429,0.006584416499249619,0.05210249603726791,
42,dynamic,13,115859,115919,60,1.8125858668504822,dynamic,0.021689900927081594,0.018032255625097176,0.026124881074522606,
42,dynamic,14,117364,117424,60,1.8501437066407111,dynamic,0.013805069374332807,0.01684176141300095,0.025368222083781575,
42,dynamic,15,143129,143189,60,1.9058041263792522,dynamic,0.011428990989946817,0.007630563565854238,0.0037853903809444895,
42,dynamic,16,150210,150270,60,1.9192341858638535,dynamic,0.03696772389643827,0.0396723402423041,0.047759002077899036,
42,dynamic,17,114134,114194,60,1.9702415513120934,dynamic,0.07708188620977559,0.018386304729098534,0.053809037515078414,
42,dynamic,18,213005,213065,60,1.9922378086921957,dynamic,0.025309986633321895,0.009298115191767178,0.05630723369555341,
42,dynamic,19,147271,147331,60,2.005211814506379,dynamic,0.00960062469188707,0.008766426550276412,0.01507685154664764,
43,dynamic,0,7671,7731,60,4.2670431921709637e-07,dynamic,0.04593696016767764,0.033043984328844436,0.010407431297055594,
43,dynamic,1,26573,26633,60,1.153375251255166,dynamic,0.07840616359737074,0.10736299095822902,0.011324049092267557,
43,dynamic,2,12126,12186,60,1.158642547333569,dynamic,0.07844723730017646,0.02443946298301427,0.00902103730445636,
43,dynamic,3,35867,35927,60,1.4246720154520514,dynamic,0.1859897655469162,0.10577874915201199,0.008953779391096811,
43,dynamic,4,42071,42131,60,1.578149888122319,dynamic,0.010495354605634291,0.012848049201091852,0.006473751711295074,
43,dynamic,5,14781,14841,60,1.7245228353407058,dynamic,0.010795945021029017,0.009688050190900856,0.004397485038850536,
43,dynamic,6,12391,12451,60,1.9779214297016008,dynamic,0.010663433322087855,0.003887254162982202,0.0036040593570127112,
43,dynamic,7,449,509,60,2.3781565256848194,dynamic,0.031177567618443716,0.014694261997436123,0.005360430583117339,
43,dynamic,8,69025,69085,60,2.4717332049746803,dynamic,0.02260358476566456,0.013311929656774767,0.006323644764050755,
43,dynamic,9,42140,42200,60,2.5203605887587712,dynamic,0.011688542108725969,0.009825832302794777,0.008420972117934005,
43,dynamic,10,53655,53715,60,2.7155686215445973,dynamic,0.019834054808933722,0.023014466170843757,0.005721482520697448,
43,dynamic,11,1551,1611,60,2.7628828749961896,dynamic,0.054394648112967174,0.055412001325644195,0.010439912615529503,
43,dynamic,12,65169,65229,60,2.786536682224712,dynamic,0.004951922460359768,0.013515124539512513,0.0039014540295321176,
43,dynamic,13,208555,208615,60,2.820067554238185,dynamic,0.0033643267958363863,0.0005433500628231862,0.007971440979873793,
43,dynamic,14,12234,12294,60,2.9627991466723382,dynamic,0.021772408487192696,0.0054692141097960525,0.005132812789009699,
43,dynamic,15,75805,75865,60,3.0334320627497053,dynamic,0.023687643063206726,0.01724630959085744,0.009563076821888155,
43,dynamic,16,35128,35188,60,3.0500362179790987,dynamic,0.005519914259085932,0.0054982108256899295,0.006313842338206046,
43,dynamic,17,84809,84869,60,3.082158873548182,dynamic,0.017556715528983444,0.008337650722309471,0.014544527297860104,
43,dynamic,18,77476,77536,60,3.1168290385182775,dynamic,0.011189594891760937,0.012386953116874332,0.008055639372638142,
43,dynamic,19,2946,3006,60,3.142075685994766,dynamic,0.026246504423786347,0.024371295216849966,0.002713271361290478,
44,dynamic,0,221747,221807,60,8.429369702178807e-07,dynamic,0.0052592950238674295,0.013169916489247917,0.012616038007341185,
44,dynamic,1,166630,166690,60,1.00288091023021,dynamic,0.018376652649342226,0.010782992956173087,0.05548995180738265,
44,dynamic,2,131954,132014,60,1.0373744726911778,dynamic,0.011933107970419498,0.004665253460715188,0.010389965485292972,
44,dynamic,3,200759,200819,60,1.2264511750392526,dynamic,0.004307826614247909,0.005003846750672372,0.0066880847274689,
44,dynamic,4,176676,176736,60,1.4380950564784647,dynamic,0.008494705611331475,0.005168665076175985,0.030513099421745002,
44,dynamic,5,116027,116087,60,1.5453104252527594,dynamic,0.009240523844538388,0.012977402113421023,0.021645543702604162,
44,dynamic,6,186486,186546,60,1.6799508914250962,dynamic,0.013906188052314484,0.004705233773880199,0.007027921650841272,
44,dynamic,7,21632,21692,60,1.7706566732194733,dynamic,0.006527908066577411,0.0048659115815060895,0.007292111571545302,
44,dynamic,8,148395,148455,60,1.8016521667397567,dynamic,0.00773242188330317,0.004890260453787198,0.007900502098431033,
44,dynamic,9,132457,132517,60,1.8144194797148077,dynamic,0.016986775717369826,0.018729604249368433,0.023152837664178458,
44,dynamic,10,150347,150407,60,1.8695249548990311,dynamic,0.006204515674669578,0.005137086149026652,0.005215939351210061,
44,dynamic,11,109179,109239,60,1.9314594195233505,dynamic,0.009777142822725928,0.004038873581248704,0.004448225460257542,
44,dynamic,12,66763,66823,60,1.939072432282019,dynamic,0.006626555063097397,0.006855160089094374,0.02769141120769289,
44,dynamic,13,1217,1277,60,2.036581781821872,dynamic,0.013751625048541266,0.01040777176298003,0.008768500004253858,
44,dynamic,14,123866,123926,60,2.039481887507116,dynamic,0.012615376463629435,0.004840495505885747,0.004421128432687339,
44,dynamic,15,131894,131954,60,2.0455017459498555,dynamic,0.021084423162480957,0.014682687407124648,0.02341126468496427,
44,dynamic,16,146686,146746,60,2.0482242569821962,dynamic,0.013043237895989273,0.01146942681176362,0.013212144850977613,
44,dynamic,17,1620,1680,60,2.0763790805478854,dynamic,0.039109430687924274,0.03459062788817754,0.002390853328838578,
44,dynamic,18,110665,110725,60,2.140892162750398,dynamic,0.008471704327276407,0.009196888267885192,0.010974874689341309,
44,dynamic,19,125598,125658,60,2.2187206593922166,dynamic,0.01658765151728824,0.014188185144425443,0.04045852221907177,
45,dynamic,0,131330,131390,60,1.3328003749250113e-07,dynamic,0.021042202685506012,0.02289766570529549,0.02710165654017411,
45,dynamic,1,180893,180953,60,1.4333302117517797,dynamic,0.018621748364495684,0.026725351404509344,0.024481738405728027,
45,dynamic,2,127378,127438,60,1.9377428073794198,dynamic,0.008831132106052996,0.018886269060694818,0.023185856404650623,
45,dynamic,3,187480,187540,60,1.937834907871522,dynamic,0.008875309576814129,0.01319741662335465,0.01287733688909336,
45,dynamic,4,166540,166600,60,1.9940450423560245,dynamic,0.008341018923781598,0.02711639662918796,0.024712764773445677,
45,dynamic,5,136080,136140,60,2.027230724148261,dynamic,0.016983153701160617,0.021230160012460225,0.017063492368967474,
45,dynamic,6,146010,146070,60,2.278721253815361,dynamic,0.012560947349089606,0.011604569828614226,0.017742148133243478,
45,dynamic,7,176528,176588,60,2.294028148512825,dynamic,0.011637403962252492,0.011899255165568648,0.009268001932185398,
45,dynamic,8,192544,192604,60,2.3527121859029703,dynamic,0.015702785697073614,0.010178269657799206,0.009589947584532363,
45,dynamic,9,133140,133200,60,2.372933413505561,dynamic,0.015401051841931161,0.015846416373516355,0.01498780022075724,
45,dynamic,10,121707,121767,60,2.5896895605831487,dynamic,0.0240037282573214,0.009799797480883816,0.00800167349854365,
45,dynamic,11,137701,137761,60,2.6612071065323626,dynamic,0.01929694891447096,0.025709411600197678,0.025601964249795727,
45,dynamic,12,190846,190906,60,2.6793906922390445,dynamic,0.007329455071765206,0.008122594301360336,0.00447292683586453,
45,dynamic,13,77596,77656,60,2.700947895796305,dynamic,0.017093385103181428,0.009545465424550533,0.0024282018280104606,
45,dynamic,14,125537,125597,60,2.7292364363233017,dynamic,0.020383837849644853,0.01743047906152147,0.008650653722166808,
45,dynamic,15,130959,131019,60,2.730039459861658,dynamic,0.012235343015615834,0.0009918594314388617,0.003544449235341104,
45,dynamic,16,107,167,60,2.7309814768882306,dynamic,0.0061075923849429475,0.0015439179626128775,0.013212716968016259,
45,dynamic,17,177271,177331,60,2.765244631948058,dynamic,0.0234079039702773,0.013107881071635425,0.009630746975852277,
45,dynamic,18,137265,137325,60,2.7670839197078947,dynamic,0.005945895076308211,0.020802710838219874,0.013140910066976288,
45,dynamic,19,54164,54224,60,2.8319489730387057,dynamic,0.018027484575258594,0.020267345417234215,0.0014684025761122757,
46,dynamic,0,133816,133876,60,1.6323404237781945e-07,dynamic,0.009174612305335329,0.03581636280733737,0.02580342825847693,
46,dynamic,1,96457,96517,60,1.8491053336873997,dynamic,0.0295890289465031,0.014047477569106862,0.002891035759225713,
46,dynamic,2,42226,42286,60,1.8734399423752133,dynamic,0.0023590089390172903,0.005040937996063795,0.00386418564713338,
46,dynamic,3,111064,111124,60,2.2317295993897157,dynamic,0.0071643864989483965,0.0027112568590863116,0.009971777648274434,
46,dynamic,4,204990,205050,60,2.407450123363949,dynamic,0.0037254303664618596,0.005107435168950902,0.006651125883624975,
46,dynamic,5,100635,100695,60,2.772679576658509,dynamic,0.008463028318065946,0.00696533297114323,0.006102065270014689,
46,dynamic,6,195822,195882,60,2.7801364316849804,dynamic,0.0025250990487482826,0.006163885644244267,0.002022498494233353,
46,dynamic,7,183265,183325,60,3.09365743288029,dynamic,0.0013193152209926898,0.0008401463240953497,0.0020790228327785135,
46,dynamic,8,137027,137087,60,3.1385864361206837,dynamic,0.005124831817660595,0.005171147612713364,0.008106073214616032,
46,dynamic,9,212197,212257,60,3.264418144345203,dynamic,0.014970037562425565,0.007598049538857914,0.006903054989091396,
46,dynamic,10,178867,178927,60,3.2878208611326523,dynamic,0.030735747509958156,0.015288091787526603,0.010317518294470725,
46,dynamic,11,165127,165187,60,3.310282834904925,dynamic,0.003701949750530583,0.009005336337505707,0.012890416221677286,
46,dynamic,12,117133,117193,60,3.3319750978940417,dynamic,0.0098032945403665,0.0007407722872576309,0.0037776125495861813,
46,dynamic,13,215359,215419,60,3.5685274682298496,dynamic,0.0023856323342885846,0.0028084472417083213,0.0013760633754895733,
46,dynamic,14,1136,1196,60,3.6291310766985942,dynamic,0.004637530732857322,0.009018386047824803,0.0021717643654126356,
46,dynamic,15,47525,47585,60,3.630171347959416,dynamic,0.005185371470369966,0.0035887585085542274,0.029841031857226568,
46,dynamic,16,110556,110616,60,3.6624810555372527,dynamic,0.01284796269815498,0.02782950886670662,0.032809208784365,
46,dynamic,17,198698,198758,60,3.683546626649631,dynamic,0.006240974390843318,0.0007722716293457085,0.0029477233188917435,
46,dynamic,18,87332,87392,60,3.7241300122407734,dynamic,0.006564304415729007,0.018005727205500772,0.016713429232611206,
46,dynamic,19,125904,125964,60,3.7706388307600576,dynamic,0.012025216696819545,0.00955084895137676,0.007589169205798403,
47,dynamic,0,185526,185586,60,2.2101993820356318e-07,dynamic,0.024229622994570356,0.014226363842465593,0.01563688897710902,
47,dynamic,1,109573,109633,60,1.2516305152960565,dynamic,0.01707198336698392,0.022833762196614375,0.054944798312846495,
47,dynamic,2,184210,184270,60,1.3490282095301638,dynamic,0.03194041272424217,0.01439784873274785,0.01119289477495378,
47,dynamic,3,39342,39402,60,1.6518203497416841,dynamic,0.012417933319825459,0.004424585404448634,0.011967440395175784,
47,dynamic,4,17182,17242,60,1.8846186502562403,dynamic,0.011409413455614617,0.0056308528314729465,0.006294594822633159,
47,dynamic,5,27162,27222,60,2.295524691566217,dynamic,0.028001983868256503,0.024487131329800814,0.005067179474166099,
47,dynamic,6,93713,93773,60,2.8355521891713305,dynamic,0.08825470400742812,0.008996746856838806,0.008156255013080429,
47,dynamic,7,68232,68292,60,2.8870248418511255,dynamic,0.05882355854687545,0.08128859968401479,0.13789686971424558,
47,dynamic,8,7316,7376,60,2.9531922297146798,dynamic,0.06625395651422694,0.09774368679320845,0.11010690550655562,
47,dynamic,9,113119,113179,60,3.325270684672598,dynamic,0.03413487408011303,0.005797218205249563,0.004814495469591892,
47,dynamic,10,6840,6900,60,3.66013740937837,dynamic,0.006512772708077695,0.012866028366185311,0.0060535288818182,
47,dynamic,11,153654,153714,60,3.6656105845462146,dynamic,0.00604261705628532,0.0006341335078895455,0.004183097962850049,
47,dynamic,12,148925,148985,60,4.026084440171501,dynamic,0.01402366298579558,0.015895009406647842,0.016456949782279216,
47,dynamic,13,21441,21501,60,4.0840916012354835,dynamic,0.0020586457707006973,0.0014702819342587118,0.0044049389036866305,
47,dynamic,14,26344,26404,60,4.1207726697936105,dynamic,0.005072448436934714,0.0013755455239735257,0.002620978945889435,
47,dynamic,15,180730,180790,60,4.198609601642991,dynamic,0.004678820744874827,0.00668029534543226,0.004201417696055446,
47,dynamic,16,203853,203913,60,4.199615628949594,dynamic,0.005627408050003465,0.00084631406904205,0.005502132452078744,
47,dynamic,17,144774,144834,60,4.217320725647634,dynamic,0.008830794225272094,0.004694455424222903,0.010374834959010846,
47,dynamic,18,202255,202315,60,4.226543186468455,dynamic,0.0023311069909661415,0.0008567425568427315,0.02940003838295241,
47,dynamic,19,21526,21586,60,4.229555692544514,dynamic,0.000832960169899312,0.006801839011999165,0.0010536760649288725,
48,dynamic,0,149658,149718,60,2.580956827951785e-07,dynamic,0.0220395549533297,0.014106381976153614,0.04348958828575569,
48,dynamic,1,179563,179623,60,1.2398225716962727,dynamic,0.0032022321190409747,0.007693652917409423,0.011915075005452616,
48,dynamic,2,60461,60521,60,1.4087838930711416,dynamic,0.051168070984982966,0.023971286225734096,0.07190897536425261,
48,dynamic,3,100728,100788,60,2.13867569497554,dynamic,0.020607376568868505,0.009465037439157623,0.012287660137864986,
48,dynamic,4,53472,53532,60,2.3265199769267406,dynamic,0.012769394367543907,0.007384195808529634,0.005506251539083235,
48,dynamic,5,199790,199850,60,2.369138250410299,dynamic,0.0072439014621299,0.005454451922833258,0.005015657600421894,
48,dynamic,6,129483,129543,60,2.5955015869997164,dynamic,0.0025091461750568794,0.012440951722466282,0.01988887027294665,
48,dynamic,7,88405,88465,60,2.7507517057267035,dynamic,0.016435763275590966,0.004473068795671564,0.013054487382877171,
48,dynamic,8,200384,200444,60,2.7721693875555524,dynamic,0.0014195228165635807,0.015442907361253096,0.015388276589833634,
48,dynamic,9,136763,136823,60,3.1438452307479436,dynamic,0.0056345039813824405,0.0007999708168166554,0.004141318575001654,
48,dynamic,10,189060,189120,60,3.2084584991223735,dynamic,0.004405730508863206,0.004800827809198785,0.0012424651115703473,
48,dynamic,11,74870,74930,60,3.228202971806433,dynamic,0.004488418790656992,0.0012467086306887283,0.002283990254719703,
48,dynamic,12,34974,35034,60,3.275864052955778,dynamic,0.006450025349278425,0.012221989527307098,0.0043323017658468115,
48,dynamic,13,182005,182065,60,3.288900682538325,dynamic,0.005381322718391475,0.000762851872220745,0.0015188635792482434,
48,dynamic,14,40270,40330,60,3.32796409716399,dynamic,0.0027856883462537936,0.002036144292530044,0.007989313287645534,
48,dynamic,15,173827,173887,60,3.3522963932713985,dynamic,0.004783252158003929,0.000628396493887193,0.0014697165085046416,
48,dynamic,16,191582,191642,60,3.3929203282724116,dynamic,0.019547151926400597,0.005903473692951873,0.0029060960247056324,
48,dynamic,17,164736,164796,60,3.411265398170399,dynamic,0.006236552502027682,0.001023069711351565,0.006784163093862916,
48,dynamic,18,58523,58583,60,3.4648028297195914,dynamic,0.005719221077231688,0.011840517720817517,0.005947615330739539,
48,dynamic,19,251614,251674,60,3.4853545672881707,dynamic,0.0041161617984851505,0.0007997065551519002,0.017495538064747632,
49,dynamic,0,151575,151635,60,1.763129169672613e-07,dynamic,0.012884125340272166,0.008940617767394599,0.006071595964528712,
49,dynamic,1,171576,171636,60,1.467872321183793,dynamic,0.00942971949282321,0.007572369177069573,0.010276149505500569,
49,dynamic,2,197025,197085,60,1.6973059102509729,dynamic,0.006287626937740696,0.006987636066055437,0.004765539458675995,
49,dynamic,3,44755,44815,60,1.8784869954060457,dynamic,0.008318683622176117,0.012305273207006605,0.07495501850121615,
49,dynamic,4,3612,3672,60,1.9623159134011108,dynamic,0.00766631289044715,0.010902697981787038,0.002138286138287561,
49,dynamic,5,121566,121626,60,2.088103790266355,dynamic,0.016107373291900515,0.008797620708182113,0.009053691521138942,
49,dynamic,6,62796,62856,60,2.116707522105894,dynamic,0.008779382250031697,0.013092363296430598,0.05252073017141207,
49,dynamic,7,94902,94962,60,2.4871149648015174,dynamic,0.020379093638533567,0.008100443946948248,0.011890529365230903,
49,dynamic,8,203187,203247,60,2.51160758565262,dynamic,0.00949267067709993,0.01984114569293245,0.023395950561037156,
49,dynamic,9,96353,96413,60,2.5568768187965505,dynamic,0.009870924762596663,0.00802688986994046,0.007882225158131268,
49,dynamic,10,146114,146174,60,2.6466516858913445,dynamic,0.009268031255773083,0.0023360039088843342,0.018396366064937112,
49,dynamic,11,15361,15421,60,2.7107461652030866,dynamic,0.003764500871139075,0.011623706532839702,0.06266711870046866,
49,dynamic,12,168519,168579,60,2.7289776735996734,dynamic,0.00482503041899812,0.0056791621012594355,0.0702239840312949,
49,dynamic,13,122978,123038,60,2.8857246498905615,dynamic,0.0229285512793539,0.010253782089028957,0.0552817885898374,
49,dynamic,14,199027,199087,60,2.896499408923293,dynamic,0.005281119441247897,0.0010074302143153742,0.006824642107532741,
49,dynamic,15,127184,127244,60,2.9119773620095573,dynamic,0.00508387322169686,0.004238624158838905,0.001984617089213499,
49,dynamic,16,84982,85042,60,2.936911744520695,dynamic,0.005948644370078049,0.003057760650542343,0.0037902986131649616,
49,dynamic,17,113813,113873,60,2.946538141509931,dynamic,0.027709705230884465,0.005422832903135448,0.02501024097616154,
49,dynamic,18,31171,31231,60,2.9640970249435883,dynamic,0.004500446604600202,0.004957387612096898,0.0041656327889710715,
49,dynamic,19,193965,194025,60,3.0004246910671326,dynamic,0.01253328979986882,0.000745336336308336,0.004757121228236173,
50,dynamic,0,67562,67622,60,2.1073424255447017e-07,dynamic,0.02670024915041568,0.018204113433048376,0.0035769003969115423,
50,dynamic,1,12326,12386,60,1.1653811547814037,dynamic,0.09028123297932528,0.02367685611334026,0.017595420037426535,
50,dynamic,2,304,364,60,1.4685152771827459,dynamic,0.012173162494856503,0.04102424229373538,0.0030878621096864208,
50,dynamic,3,26634,26694,60,1.6523662041007499,dynamic,0.09515793863449874,0.08184845768108033,0.013088710124872609,
50,dynamic,4,25758,25818,60,1.8642388341971003,dynamic,0.008184973265992107,0.008029673949808655,0.010224187029615577,
50,dynamic,5,52262,52322,60,2.087135648847979,dynamic,0.017907106159564066,0.018521205947668175,0.0037430221964338817,
50,dynamic,6,8369,8429,60,2.0957827191987914,dynamic,0.013046306265473626,0.005583764927759115,0.020211347905976226,
50,dynamic,7,56589,56649,60,2.2726377282769548,dynamic,0.007160869064696019,0.008672887220037511,0.004473988440247254,
50,dynamic,8,3079,3139,60,2.3305289745842357,dynamic,0.008066998697622622,0.006552119971478343,0.004611712727755783,
50,dynamic,9,67837,67897,60,2.4781126227225245,dynamic,0.0056801586214157195,0.005410943645318918,0.005734830003248011,
50,dynamic,10,1012,1072,60,2.4912365097403364,dynamic,0.0038561529085299625,0.005399067778256267,0.02395328471432206,
50,dynamic,11,25960,26020,60,2.5642286709360884,dynamic,0.0073091789451350305,0.0030604691765820785,0.004074518614577728,
50,dynamic,12,7989,8049,60,2.619884851216043,dynamic,0.09237086343489515,0.010560358902925115,0.00898131173518044,
50,dynamic,13,69540,69600,60,2.664385554443874,dynamic,0.009981111058800233,0.006851589995987732,0.005658006187726468,
50,dynamic,14,15457,15517,60,2.6796536365496797,dynamic,0.007874609277543819,0.0051934064212817285,0.0032629587428297216,
50,dynamic,15,176775,176835,60,2.709891081275575,dynamic,0.008278710586494405,0.0011767236200393237,0.002293550305312389,
50,dynamic,16,3145,3205,60,2.710506454565152,dynamic,0.005946036254797427,0.004546036698735947,0.0032806539045833207,
50,dynamic,17,3909,3969,60,2.718185530668005,dynamic,0.016264805507767082,0.014437666579769247,0.005205266619596614,
50,dynamic,18,78460,78520,60,2.7484753492042198,dynamic,0.013236337557859898,0.006426513430810921,0.006867675502044057,
50,dynamic,19,34458,34518,60,2.7497005953572913,dynamic,0.011625948176710296,0.009278667852615257,0.003876750359055155,
51,dynamic,0,176119,176179,60,2.4366929916785445e-06,dynamic,0.005957121121831366,0.004667045078640752,0.004774120515502532,
51,dynamic,1,57731,57791,60,1.8694608466997147,dynamic,0.02008020201783231,0.007869712425023032,0.006365086307099074,
51,dynamic,2,93905,93965,60,2.0174469952315652,dynamic,0.008282037032251282,0.007913685925994753,0.00871287355784195,
51,dynamic,3,154619,154679,60,2.0698278817871136,dynamic,0.015151545084716765,0.00496350436121771,0.007665131702120614,
51,dynamic,4,148087,148147,60,2.094361234318968,dynamic,0.013419162776908146,0.009163089271376657,0.017549317967540588,
51,dynamic,5,43768,43828,60,2.1794527775379993,dynamic,0.0033377868561069767,0.0016088388275285615,0.0030993892003279904,
51,dynamic,6,52517,52577,60,2.2337254550551418,dynamic,0.008821102395820644,0.008710699821178476,0.04333407094046774,
51,dynamic,7,10460,10520,60,2.368736139517043,dynamic,0.0095381351622841,0.005121879211834912,0.03070860716924076,
51,dynamic,8,211841,211901,60,2.430215764555837,dynamic,0.005331112150914398,0.013758461866175778,0.07806711018875402,
51,dynamic,9,218365,218425,60,2.4352780055750607,dynamic,0.002564786096674154,0.0059639108151977194,0.006984986059201199,
51,dynamic,10,118503,118563,60,2.4637226838490784,dynamic,0.015000337411579837,0.005885691003310573,0.01012170078240231,
51,dynamic,11,165658,165718,60,2.5230223869261676,dynamic,0.0066837098483443986,0.013896172421783447,0.012624435365038548,
51,dynamic,12,212048,212108,60,2.523885787447211,dynamic,0.0038997107707320275,0.008402925572569428,0.020257357094956668,
51,dynamic,13,26806,26866,60,2.540650779072729,dynamic,0.009086186428329292,0.005230776989076021,0.0037180079524469227,
51,dynamic,14,82492,82552,60,2.60367328228431,dynamic,0.007223804285124724,0.00859115461293486,0.004528487777385574,
51,dynamic,15,1277,1337,60,2.6818586423493893,dynamic,0.005714418762626054,0.005935976749032507,0.003970118796906167,
51,dynamic,16,128753,128813,60,2.683994765494852,dynamic,0.003286567701208458,0.0027260264340303866,0.03886031700542787,
51,dynamic,17,36205,36265,60,2.7164302747622098,dynamic,0.12709524875590886,0.023572604326232347,0.008022502033866086,
51,dynamic,18,14207,14267,60,2.7435908057875475,dynamic,0.006345244410678244,0.0058589256321585,0.00434859876414638,
51,dynamic,19,173225,173285,60,2.7562820938940664,dynamic,0.015475752896600341,0.0017804168617356459,0.008525916959228094,
52,steady_state,0,228323,228413,90,0.0,steady_state,5.41181722249887e-06,7.404745685850001e-05,0.000199485052658005,9.565043997214627e-07
52,steady_state,1,232260,232350,90,0.0,steady_state,5.416259266983048e-06,7.488780958540069e-05,0.0002057036538246343,9.56365771602114e-07
52,steady_state,2,238801,238891,90,0.0,steady_state,5.423655500489614e-06,7.63269666835332e-05,0.00021693933434627392,9.561355412540105e-07
52,steady_state,3,223029,223119,90,0.0,steady_state,5.405855573266819e-06,7.294674180337482e-05,0.00019169259317757293,9.56690873372089e-07
52,steady_state,4,229397,229487,90,0.0,steady_state,5.413028274020761e-06,7.42748257234266e-05,0.00020114386152433108,9.564665784559625e-07
52,steady_state,5,248822,248912,90,0.0,steady_state,5.435026004310419e-06,7.864233666319217e-05,0.00023675075709862404,9.557830366677287e-07
52,steady_state,6,243246,243336,90,0.0,steady_state,5.428693221175334e-06,7.733694418643496e-05,0.00022530210609761887,9.559791492419635e-07
52,steady_state,7,240641,240731,90,0.0,steady_state,5.425739721646117e-06,7.674182795076981e-05,0.00022032461017387674,9.560707968309238e-07
52,steady_state,8,227538,227628,90,0.0,steady_state,5.410932392551345e-06,7.388214871624455e-05,0.00019828981204628377,9.56532045636612e-07
52,steady_state,9,247015,247105,90,0.0,steady_state,5.4329721379539255e-06,7.821450121485942e-05,0.00023291525359356543,9.55846581542881e-07
52,steady_state,10,241704,241794,90,0.0,steady_state,5.426944542643744e-06,7.698356228067744e-05,0.0002223289307167933,9.560333968742272e-07
52,steady_state,11,250198,250288,90,0.0,steady_state,5.4365910306454065e-06,7.897127836484856e-05,0.000239757224059424,9.557346539897362e-07
52,steady_state,12,232169,232259,90,0.0,steady_state,5.4161565110355926e-06,7.486817034600465e-05,0.0002055555427565673,9.563689753947644e-07
52,steady_state,13,238902,238992,90,0.0,steady_state,5.423769864572682e-06,7.634962257707838e-05,0.00021712245584882073,9.561319871266693e-07
52,steady_state,14,226520,226610,90,0.0,steady_state,5.409785362381404e-06,7.366887063198598e-05,0.00019676097195842394,9.565678996616168e-07
52,steady_state,15,232471,232561,90,0.0,steady_state,5.416497540276179e-06,7.493338638927052e-05,0.00020604789877214254,9.563583430763112e-07
52,steady_state,16,223137,223227,90,0.0,steady_state,5.405977062367992e-06,7.296886980514978e-05,0.00019184547490153124,9.566870684893311e-07
52,steady_state,17,238667,238757,90,0.0,steady_state,5.423503777373601e-06,7.629692911439343e-05,0.0002166968572972264,9.561402566853693e-07
52,steady_state,18,226419,226509,90,0.0,steady_state,5.409671587279684e-06,7.364777755414139e-05,0.00019661057393540135,9.56571457045596e-07
52,steady_state,19,243369,243459,90,0.0,steady_state,5.428832755739824e-06,7.736527200288421e-05,0.00022554269414660043,9.559748223661782e-07
53,steady_state,0,229288,229378,90,0.0,steady_state,5.412905339975007e-06,7.425168646771463e-05,0.0002009742526283784,9.56470416793061e-07
53,steady_state,1,250904,250994,90,0.0,steady_state,5.437394366438011e-06,7.914112267393788e-05,0.00024132962015071616,9.557098316215634e-07
53,steady_state,2,232368,232458,90,0.0,steady_state,5.416381224154073e-06,7.491113106829892e-05,0.0002058797112049179,9.563619693112919e-07
53,steady_state,3,243148,243238,90,0.0,steady_state,5.428582052446344e-06,7.731438890062083e-05,0.00022511078513672405,9.55982596709449e-07
53,steady_state,4,231922,232012,90,0.0,steady_state,5.415877621693809e-06,7.481491572631329e-05,0.00020515460004052663,9.56377671547359e-07
53,steady_state,5,246382,246472,90,0.0,steady_state,5.432253026672179e-06,7.806572745983276e-05,0.00023160088618477177,9.558688436032986e-07
53,steady_state,6,242984,243074,90,0.0,steady_state,5.428396025127968e-06,7.72766727367702e-05,0.00022479134119744403,9.55988365978708e-07
53,steady_state,7,222887,222977,90,0.0,steady_state,5.405695845901338e-06,7.291766799410099e-05,0.00019149195243448955,9.56695876115678e-07
53,steady_state,8,238997,239087,90,0.0,steady_state,5.423877439148412e-06,7.637094485435655e-05,0.00021729498121870507,9.561286441472954e-07
53,steady_state,9,226617,226707,90,0.0,steady_state,5.409894636041968e-06,7.368913971755687e-05,0.0001969056303898877,9.565644832056987e-07
53,steady_state,10,241794,241884,90,0.0,steady_state,5.427046574631665e-06,7.700409891545781e-05,0.0002225003043569183,9.560302304976865e-07
53,steady_state,11,249016,249106,90,0.0,steady_state,5.4352466002477035e-06,7.868854758071134e-05,0.00023717006002504543,9.557762149789178e-07
53,steady_state,12,246864,246954,90,0.0,steady_state,5.432800579111817e-06,7.817896026414628e-05,0.00023260036263592437,9.558518919957127e-07
53,steady_state,13,250804,250894,90,0.0,steady_state,5.4372805650658425e-06,7.911702100831027e-05,0.0002411056485582435,9.557133474643386e-07
53,steady_state,14,229492,229582,90,0.0,steady_state,5.413135422921228e-06,7.42950047301477e-05,0.0002012919194475669,9.564632331425972e-07
53,steady_state,15,239100,239190,90,0.0,steady_state,5.4239940774654815e-06,7.63940761519123e-05,0.00021748234509002827,9.561250196919828e-07
53,steady_state,16,245685,245775,90,0.0,steady_state,5.431461429212091e-06,7.790256514024656e-05,0.00023017068239751244,9.558933576666856e-07
53,steady_state,17,231765,231855,90,0.0,steady_state,5.415700366873908e-06,7.478110498872129e-05,0.0002049005618652863,9.563831991368564e-07
53,steady_state,18,232075,232165,90,0.0,steady_state,5.416050371623835e-06,7.484789447197154e-05,0.0002054027726889589,9.563722848453991e-07
53,steady_state,19,249855,249945,90,0.0,steady_state,5.436200827101986e-06,7.888902478670587e-05,0.00023900067017754633,9.557467140399017e-07
54,steady_state,0,248916,249006,90,0.0,steady_state,5.4351328887649535e-06,7.866472074021194e-05,0.0002369537391886583,9.557797312990756e-07
54,steady_state,1,238097,238187,90,0.0,steady_state,5.4228584828234585e-06,7.616942109715497e-05,0.00021567145318045425,9.561603153439386e-07
54,steady_state,2,226191,226281,90,0.0,steady_state,5.409414766030958e-06,7.360020587889768e-05,0.00019627190545411604,9.565794876514972e-07
54,steady_state,3,248563,248653,90,0.0,steady_state,5.43473152525134e-06,7.85807272403596e-05,0.00023619327158598498,9.557921441261737e-07
54,steady_state,4,243594,243684,90,0.0,steady_state,5.429088020461261e-06,7.741714491730696e-05,0.00022598412647952996,9.559669074353713e-07
54,steady_state,5,233125,233215,90,0.0,steady_state,5.417236207784665e-06,7.507500600353901e-05,0.00020712225331391096,9.56335318927576e-07
54,steady_state,6,229073,229163,90,0.0,steady_state,5.412662871765079e-06,7.420608705631574e-05,0.00020064054011337807,9.564779878997857e-07
54,steady_state,7,227681,227771,90,0.0,steady_state,5.4110935565785604e-06,7.391220717096419e-05,0.0001985064756892455,9.56527009383686e-07
54,steady_state,8,223426,223516,90,0.0,steady_state,5.406302185055739e-06,7.302814877906552e-05,0.00019225577698728623,9.566768870760002e-07
54,steady_state,9,241585,241675,90,0.0,steady_state,5.4268096395646595e-06,7.695642509704075e-05,0.00022210274155898312,9.560375835509885e-07
54,steady_state,10,240819,240909,90,0.0,steady_state,5.425941432361749e-06,7.678220063460474e-05,0.00022065771202559582,9.560645339945916e-07
54,steady_state,11,238193,238283,90,0.0,steady_state,5.42296715325892e-06,7.619086627849551e-05,0.00021584347270420294,9.5615693697921e-07
54,steady_state,12,245553,245643,90,0.0,steady_state,5.431311540024881e-06,7.787174174312093e-05,0.0002299018130728754,9.55898000373445e-07
54,steady_state,13,233023,233113,90,0.0,steady_state,5.417120989498359e-06,7.505288331766187e-05,0.0002069539566173914,9.563389097824995e-07
54,steady_state,14,242036,242126,90,0.0,steady_state,5.4273209463537515e-06,7.705937402470057e-05,0.00022296242202412604,9.560217165706643e-07
54,steady_state,15,243733,243823,90,0.0,steady_state,5.429245729330962e-06,7.744922562607079e-05,0.00022625769808732002,9.559620178275527e-07
54,steady_state,16,233310,233400,90,0.0,steady_state,5.417445194633861e-06,7.511516377888692e-05,0.00020742819679659178,9.563288061796434e-07
54,steady_state,17,226047,226137,90,0.0,steady_state,5.4092525757020044e-06,7.357019226193668e-05,0.00019605861006177888,9.565845596800572e-07
54,steady_state,18,247140,247230,90,0.0,steady_state,5.433114165050408e-06,7.824394698835601e-05,0.00023317657066276347,9.558421855395007e-07
54,steady_state,19,246051,246141,90,0.0,steady_state,5.431877074291213e-06,7.798815778160272e-05,0.00023091948370152176,9.558804850034255e-07
55,steady_state,0,223516,223606,90,0.0,steady_state,5.40640344232444e-06,7.304662903167799e-05,0.0001923839113406723,9.566737164419153e-07
55,steady_state,1,248729,248819,90,0.0,steady_state,5.434920261044553e-06,7.862020324733261e-05,0.00023655027633477944,9.55786306899406e-07
55,steady_state,2,238477,238567,90,0.0,steady_state,5.423288662111614e-06,7.625437903529319e-05,0.00021635397424893908,9.56146942809543e-07
55,steady_state,3,232663,232753,90,0.0,steady_state,5.416714375902183e-06,7.497490735533371e-05,0.00020636214811798888,9.563515835758963e-07
55,steady_state,4,223241,223331,90,0.0,steady_state,5.406094057034391e-06,7.299019094321558e-05,0.0001919929249935057,9.566834045612773e-07
55,steady_state,5,250994,251084,90,0.0,steady_state,5.437496791744247e-06,7.916282673149374e-05,0.00024153155065592306,9.557066673840443e-07
55,steady_state,6,229187,229277,90,0.0,steady_state,5.412791433603364e-06,7.423025837132606e-05,0.00020081734720850603,9.564739734346941e-07
55,steady_state,7,238570,238660,90,0.0,steady_state,5.4233939532436745e-06,7.62752002478329e-05,0.00021652167079548565,9.561436701107604e-07
55,steady_state,8,232906,232996,90,0.0,steady_state,5.416988833391316e-06,7.502752334524786e-05,0.00020676124687908862,9.563430287288448e-07
55,steady_state,9,226288,226378,90,0.0,steady_state,5.4095240247216775e-06,7.36204371923632e-05,0.00019641584539402718,9.565760711000405e-07
55,steady_state,10,238291,238381,90,0.0,steady_state,5.4230780921465e-06,7.621277069361159e-05,0.0002160193592388722,9.56153488264782e-07
55,steady_state,11,232774,232864,90,0.0,steady_state,5.416839741924464e-06,7.499893266106237e-05,0.00020654426117091055,9.563476757863112e-07
55,steady_state,12,243493,243583,90,0.0,steady_state,5.428973431991835e-06,7.739385114072438e-05,0.00022578575886175368,9.559704603417482e-07
55,steady_state,13,230572,230662,90,0.0,steady_state,5.41435383502599e-06,7.452518141757626e-05,0.00020299055753041648,9.564252038761822e-07
55,steady_state,14,229907,229997,90,0.0,steady_state,5.413603544171806e-06,7.438328384753781e-05,0.00020194126284538236,9.564486196890695e-07
55,steady_state,15,239965,240055,90,0.0,steady_state,5.4249738107952574e-06,7.658888850007281e-05,0.0002190686816483382,9.5609458235808e-07
55,steady_state,16,227107,227197,90,0.0,steady_state,5.410446704498019e-06,7.379170066154563e-05,0.00019763964245369424,9.565472251718771e-07
55,steady_state,17,245872,245962,90,0.0,steady_state,5.431673786372402e-06,7.794627341299585e-05,0.00023055265891998818,9.558867806052859e-07
55,steady_state,18,222493,222583,90,0.0,steady_state,5.405252708152251e-06,7.283711963836103e-05,0.00019093743811741484,9.567097572633574e-07
55,steady_state,19,249395,249485,90,0.0,steady_state,5.435677609982967e-06,7.877898247389142e-05,0.0002379935135969409,9.557628883381799e-07
56,steady_state,0,250476,250566,90,0.0,steady_state,5.436907329998279e-06,7.903807048315298e-05,0.00024037393093000368,9.557248795936466e-07
56,steady_state,1,242337,242427,90,0.0,steady_state,5.4276622490629035e-06,7.712823612989682e-05,0.00022353989029399069,9.560111271590028e-07
56,steady_state,2,230476,230566,90,0.0,steady_state,5.414245509514333e-06,7.450466352949672e-05,0.00020283840745040105,9.564285841356483e-07
56,steady_state,3,227365,227455,90,0.0,steady_state,5.410737430730275e-06,7.384581695566435e-05,0.00019802832586440146,9.565381385241867e-07
56,steady_state,4,246477,246567,90,0.0,steady_state,5.432360938028146e-06,7.808801916788234e-05,0.00023179719822108327,9.558655024646188e-07
56,steady_state,5,239740,239830,90,0.0,steady_state,5.424718932809988e-06,7.653811922122e-05,0.0002186538280881314,9.561024994000758e-07
56,steady_state,6,230748,230838,90,0.0,steady_state,5.414552443048068e-06,7.456282691136677e-05,0.00020327009299438948,9.564190068019064e-07
56,steady_state,7,240471,240561,90,0.0,steady_state,5.425547090576959e-06,7.67033093868787e-05,0.00022000741674841685,9.560767782986656e-07
56,steady_state,8,229798,229888,90,0.0,steady_state,5.413480584001135e-06,7.436007697593921e-05,0.0002017703070829332,9.564524578724893e-07
56,steady_state,9,250311,250401,90,0.0,steady_state,5.436719593915408e-06,7.89984140572649e-05,0.00024000751775691824,9.557306809237417e-07
56,steady_state,10,241937,242027,90,0.0,steady_state,5.427208700021694e-06,7.703675189134664e-05,0.00022277314207005993,9.56025199517668e-07
56,steady_state,11,249289,249379,90,0.0,steady_state,5.435557056847985e-06,7.875366840550924e-05,0.00023776263189825812,9.557666155388666e-07
56,steady_state,12,239854,239944,90,0.0,steady_state,5.424848067994055e-06,7.656383390766305e-05,0.0002188638240014159,9.560984880781734e-07
56,steady_state,13,246622,246712,90,0.0,steady_state,5.432525653094125e-06,7.812206790925662e-05,0.00023209747484441616,9.558604028940468e-07
56,steady_state,14,222332,222422,90,0.0,steady_state,5.405071649924596e-06,7.280425640177296e-05,0.00019071177042470462,9.567154296184626e-07
56,steady_state,15,249713,249803,90,0.0,steady_state,5.436039301511014e-06,7.885502241469231e-05,0.00023868885695233464,9.557517069106267e-07
56,steady_state,16,242152,242242,90,0.0,steady_state,5.427452473212539e-06,7.708589767684017e-05,0.0002231846142391317,9.56017635584896e-07
56,steady_state,17,230162,230252,90,0.0,steady_state,5.413891225104815e-06,7.443763177650267e-05,0.00020234233908819965,9.564396405572063e-07
56,steady_state,18,230010,230100,90,0.0,steady_state,5.413719741026725e-06,7.44052265916998e-05,0.00020210307462587072,9.56444992801847e-07
56,steady_state,19,240320,240410,90,0.0,steady_state,5.425376000331937e-06,7.666912825041594e-05,0.0002197264392701346,9.56082091296799e-07
57,steady_state,0,249599,249689,90,0.0,steady_state,5.435909632976365e-06,7.882774593982455e-05,0.00023843911619579443,9.557557153122703e-07
57,steady_state,1,222223,222313,90,0.0,steady_state,5.404949077018711e-06,7.278202420785678e-05,0.0001905592917707707,9.56719269953928e-07
57,steady_state,2,240113,240203,90,0.0,steady_state,5.425141476923194e-06,7.662232014180449e-05,0.00021934242247173644,9.560893747702965e-07
57,steady_state,3,242244,242334,90,0.0,steady_state,5.427556792155248e-06,7.710694666343746e-05,0.00022336115079176993,9.560143989385872e-07
57,steady_state,4,230364,230454,90,0.0,steady_state,5.414119135236257e-06,7.448074026796087e-05,0.000202661187047137,9.564325277946454e-07
57,steady_state,5,227229,227319,90,0.0,steady_state,5.4105841757935295e-06,7.381728064834067e-05,0.00019782324814634746,9.565429283616879e-07
57,steady_state,6,249497,249587,90,0.0,steady_state,5.435793618994159e-06,7.880335666316158e-05,0.0002382161065125883,9.55759301818441e-07
57,steady_state,7,240206,240296,90,0.0,steady_state,5.4252468400093155e-06,7.664334279902862e-05,0.0002195147855673962,9.560861024765867e-07
57,steady_state,8,230274,230364,90,0.0,steady_state,5.414017588748189e-06,7.446152734870164e-05,0.0002025190020434102,9.564356968341262e-07
57,steady_state,9,250583,250673,90,0.0,steady_state,5.437029080926296e-06,7.906380836248545e-05,0.00024061214291493793,9.557211175478735e-07
57,steady_state,10,242794,242884,90,0.0,steady_state,5.428180521637789e-06,7.723302316635838e-05,0.00022442238545228443,9.559950499828936e-07
57,steady_state,11,226756,226846,90,0.0,steady_state,5.410051231768019e-06,7.371820455906888e-05,0.0001971132956152019,9.56559587494057e-07
57,steady_state,12,246771,246861,90,0.0,steady_state,5.4326949224352535e-06,7.815708687266252e-05,0.00023240684650273883,9.558551627040703e-07
57,steady_state,13,231379,231469,90,0.0,steady_state,5.415264617730554e-06,7.4698107738003e-05,0.0002042786506939289,9.563967895309397e-07
57,steady_state,14,222068,222158,90,0.0,steady_state,5.404774785665132e-06,7.275043299248924e-05,0.00019034288372839027,9.567247310225492e-07
57,steady_state,15,229625,229715,90,0.0,steady_state,5.413285438512403e-06,7.4323273766878e-05,0.0002014995670988442,9.56458549750158e-07
57,steady_state,16,239316,239406,90,0.0,steady_state,5.424238694475717e-06,7.644263003616226e-05,0.00021787631468202085,9.561174189716172e-07
57,steady_state,17,231271,231361,90,0.0,steady_state,5.415142710836968e-06,7.467491868366821e-05,0.00020410531979715707,9.564005921035027e-07
57,steady_state,18,222692,222782,90,0.0,steady_state,5.405476517378514e-06,7.287778043660294e-05,0.0001912171080881013,9.567027461590502e-07
57,steady_state,19,249110,249200,90,0.0,steady_state,5.435353493387433e-06,7.871095797538269e-05,0.00023737376205337549,9.557729096526799e-07
58,steady_state,0,240974,241064,90,0.0,steady_state,5.426117091557543e-06,7.68173912393913e-05,0.00022094859411088074,9.560590804590258e-07
58,steady_state,1,235854,235944,90,0.0,steady_state,5.420320682487365e-06,7.567177708240985e-05,0.00021172890496613998,9.56239256138152e-07
58,steady_state,2,244720,244810,90,0.0,steady_state,5.430365839298528e-06,7.767778866914695e-05,0.00022821946827190426,9.559272995988202e-07
58,steady_state,3,224255,224345,90,0.0,steady_state,5.4072350204502286e-06,7.319872687933001e-05,0.00019344253130146815,9.566476827755023e-07
58,steady_state,4,236080,236170,90,0.0,steady_state,5.420576278341177e-06,7.5721623874557e-05,0.00021211960578855772,9.562313016391749e-07
58,steady_state,5,235558,235648,90,0.0,steady_state,5.419985956238083e-06,7.560659019869971e-05,0.00021121936234921328,9.562496746185007e-07
58,steady_state,6,241170,241260,90,0.0,steady_state,5.426339231732913e-06,7.686193653769902e-05,0.00022131751906385622,9.560521844488392e-07
58,steady_state,7,241077,241167,90,0.0,steady_state,5.4262338262192455e-06,7.684079380898427e-05,0.00022114231445921696,9.560554565231932e-07
58,steady_state,8,225153,225243,90,0.0,steady_state,5.408245861639117e-06,7.338440407131737e-05,0.00019474470489694727,9.56616049745506e-07
58,steady_state,9,235725,235815,90,0.0,steady_state,5.420174800085093e-06,7.56433541197466e-05,0.00021150653886383588,9.56243796595103e-07
58,steady_state,10,236340,236430,90,0.0,steady_state,5.420870356495213e-06,7.577905103635294e-05,0.00021257087202083554,9.562221506031823e-07
58,steady_state,11,228507,228597,90,0.0,steady_state,5.412024663985983e-06,7.408631131747326e-05,0.00019976729846755972,9.564979198797384e-07
58,steady_state,12,225255,225345,90,0.0,steady_state,5.408360702700049e-06,7.340555394547031e-05,0.00019489372285389305,9.566124567975094e-07
58,steady_state,13,236445,236535,90,0.0,steady_state,5.420989127869301e-06,7.580226747398357e-05,0.00021275365889855067,9.56218455051426e-07
58,steady_state,14,244937,245027,90,0.0,steady_state,5.430612166601813e-06,7.772822113927402e-05,0.00022865535005010706,9.55919666858635e-07
58,steady_state,15,244816,244906,90,0.0,steady_state,5.430474810826575e-06,7.770009173373368e-05,0.0002284120956192673,9.55923922893193e-07
58,steady_state,16,236173,236263,90,0.0,steady_state,5.420681464162598e-06,7.574215512727796e-05,0.00021228079998405775,9.562280283623445e-07
58,steady_state,17,234988,235078,90,0.0,steady_state,5.419341498473079e-06,7.548137724882925e-05,0.00021024502525972513,9.562697378734497e-07
58,steady_state,18,228059,228149,90,0.0,steady_state,5.411519616812156e-06,7.399178028820924e-05,0.00019908148154347292,9.565136970131677e-07
58,steady_state,19,231173,231263,90,0.0,steady_state,5.415032096371414e-06,7.465388922006931e-05,0.0002039482924126546,9.564040426043719e-07
59,steady_state,0,244441,244531,90,0.0,steady_state,5.430049165615267e-06,7.761304300475739e-05,0.00022766148474216857,9.559371133123164e-07
59,steady_state,1,235124,235214,90,0.0,steady_state,5.419495249916475e-06,7.55112149325113e-05,0.00021047668125681373,9.56264950781481e-07
59,steady_state,2,248443,248533,90,0.0,steady_state,5.434595097902063e-06,7.855221504554149e-05,0.00023593586618379634,9.55796363870411e-07
59,steady_state,3,225054,225144,90,0.0,steady_state,5.408134402934201e-06,7.336388790417124e-05,0.00019460028758607912,9.566195370216018e-07
59,steady_state,4,234659,234749,90,0.0,steady_state,5.4189695917323155e-06,7.540929380768843e-05,0.00020968672544005083,9.562813186448556e-07
59,steady_state,5,227901,227991,90,0.0,steady_state,5.4113415199882805e-06,7.395849873587977e-05,0.00019884073047431495,9.565192614087732e-07
59,steady_state,6,244212,244302,90,0.0,steady_state,5.429789271087451e-06,7.755998110295445e-05,0.0002272055330067264,9.559451684448522e-07
59,steady_state,7,234834,234924,90,0.0,steady_state,5.419167408110811e-06,7.544761891541963e-05,0.0002099833237797596,9.562751586222445e-07
59,steady_state,8,231081,231171,90,0.0,steady_state,5.414928258325311e-06,7.463415805059868e-05,0.00020380109867098483,9.564072818736799e-07
59,steady_state,9,244535,244625,90,0.0,steady_state,5.430155854413859e-06,7.763484489651361e-05,0.00022784917416544348,9.559338068860632e-07
59,steady_state,10,235282,235372,90,0.0,steady_state,5.419673883865345e-06,7.554590893611306e-05,0.00021074645288397052,9.56259389367634e-07
59,steady_state,11,224382,224472,90,0.0,steady_state,5.407377956113064e-06,7.322492928300648e-05,0.00019362563345938147,9.566432089354243e-07
59,steady_state,12,241306,241396,90,0.0,steady_state,5.4264933804971285e-06,7.689287589288675e-05,0.00022157423266505898,9.560473995299681e-07
59,steady_state,13,235441,235531,90,0.0,steady_state,5.419853660296861e-06,7.558085472087469e-05,0.00021101863094921913,9.562537927985347e-07
59,steady_state,14,230990,231080,90,0.0,steady_state,5.414825552874603e-06,7.461465160821197e-05,0.00020365571372619044,9.564104859496108e-07
59,steady_state,15,241450,241540,90,0.0,steady_state,5.426656606381351e-06,7.692566237077059e-05,0.00022184669698405762,9.560423331887534e-07
59,steady_state,16,228177,228267,90,0.0,steady_state,5.41165263348776e-06,7.401665567633171e-05,0.00019926166360302125,9.565095413806319e-07
59,steady_state,17,223628,223718,90,0.0,steady_state,5.406529456661736e-06,7.306963974548925e-05,0.00019254360614909995,9.566697707890905e-07
59,steady_state,18,237961,238051,90,0.0,steady_state,5.422704540502009e-06,7.613906108063026e-05,0.00021542822768036023,9.561651013935018e-07
59,steady_state,19,239220,239310,90,0.0,steady_state,5.424129973088519e-06,7.642104291460085e-05,0.00021770104101093705,9.561207970484217e-07
60,steady_state,0,223910,224000,90,0.0,steady_state,5.406846768786074e-06,7.31276416916797e-05,0.0001929468714684183,9.5665983634328e-07
60,steady_state,1,245300,245390,90,0.0,steady_state,5.431024275576159e-06,7.781273169138975e-05,0.00022938823204144128,9.559068989792767e-07
60,steady_state,2,228979,229069,90,0.0,steady_state,5.412556869254831e-06,7.418616816102597e-05,0.0002004949858330686,9.564812980994683e-07
60,steady_state,3,225590,225680,90,0.0,steady_state,5.408737911071879e-06,7.347510261913431e-05,0.00019538475310938816,9.56600656691165e-07
60,steady_state,4,237830,237920,90,0.0,steady_state,5.422556266082046e-06,7.610984011617564e-05,0.00021519446244811966,9.561697115437693e-07
60,steady_state,5,237606,237696,90,0.0,steady_state,5.422302746930807e-06,7.605992642903614e-05,0.00021479591498317627,9.561775946293437e-07
60,steady_state,6,224137,224227,90,0.0,steady_state,5.407102220851084e-06,7.317439813930706e-05,0.0001932727149738373,9.566518396214037e-07
60,steady_state,7,239448,239538,90,0.0,steady_state,5.424388193527041e-06,7.647233224935827e-05,0.0002181177773188471,9.561127741492667e-07
60,steady_state,8,225823,225913,90,0.0,steady_state,5.409000298966469e-06,7.352355303757971e-05,0.00019572773713243333,9.56592449607737e-07
60,steady_state,9,237697,237787,90,0.0,steady_state,5.422405736209723e-06,7.60801959665464e-05,0.00021495764671330072,9.561743920999005e-07
60,steady_state,10,225730,225820,90,0.0,steady_state,5.408895565976655e-06,7.350420679836247e-05,0.00019559069363484554,9.565957253831172e-07
60,steady_state,11,224047,224137,90,0.0,steady_state,5.407000937411539e-06,7.315585318910593e-05,0.00019314339433542673,9.566550101080348e-07
60,steady_state,12,226914,227004,90,0.0,steady_state,5.410229243680517e-06,7.375127014814728e-05,0.000197349879301678,9.565540226433083e-07
60,steady_state,13,245458,245548,90,0.0,steady_state,5.4312036703732135e-06,7.78495733275622e-05,0.00022970869702568293,9.559013417191711e-07
60,steady_state,14,236778,236868,90,0.0,steady_state,5.421365837220897e-06,7.587599093748485e-05,0.00021333543945349076,9.562067350296659e-07
60,steady_state,15,228654,228744,90,0.0,steady_state,5.4121904031312745e-06,7.411738196475355e-05,0.00019999336289969278,9.564927431266379e-07
60,steady_state,16,245043,245133,90,0.0,steady_state,5.430732500490716e-06,7.775288017004177e-05,0.00022886887512915295,9.559159384611375e-07
60,steady_state,17,236881,236971,90,0.0,steady_state,5.421482367527941e-06,7.589882333764052e-05,0.00021351603442342653,9.562031099813576e-07
60,steady_state,18,246165,246255,90,0.0,steady_state,5.4320065505069756e-06,7.801485621315249e-05,0.00023115371300479111,9.558764755420159e-07
60,steady_state,19,223746,223836,90,0.0,steady_state,5.406662228122645e-06,7.309389886450182e-05,0.00019271214309257446,9.566656137932343e-07
61,steady_state,0,236552,236642,90,0.0,steady_state,5.421110166908705e-06,7.582594076875287e-05,0.00021294025110524923,9.562146891299135e-07
61,steady_state,1,236669,236759,90,0.0,steady_state,5.4212425241973514e-06,7.585184345068213e-05,0.00021314465680287879,9.562105712679874e-07
61,steady_state,2,246272,246362,90,0.0,steady_state,5.432128082041017e-06,7.803993190333781e-05,0.0002313739925219075,9.558727123005437e-07
61,steady_state,3,245136,245226,90,0.0,steady_state,5.4308380808479696e-06,7.777452786906843e-05,0.0002290565418679114,9.559126673449835e-07
61,steady_state,4,237326,237416,90,0.0,steady_state,5.4219858813151825e-06,7.599762630895817e-05,0.00021429980182936212,9.561874486743336e-07
61,steady_state,5,239594,239684,90,0.0,steady_state,5.424553558125118e-06,7.650521159269068e-05,0.0002183854737553296,9.561076367572758e-07
61,steady_state,6,228803,228893,90,0.0,steady_state,5.412358407599539e-06,7.414890194861173e-05,0.00020022302577367152,9.564874959813882e-07
61,steady_state,7,237032,237122,90,0.0,steady_state,5.421653212291942e-06,7.593232092963191e-05,0.00021378134353650403,9.561977956391416e-07
61,steady_state,8,225412,225502,90,0.0,steady_state,5.408537477387195e-06,7.343813199790153e-05,0.00019512353982347152,9.566069265567342e-07
61,steady_state,9,222589,222679,90,0.0,steady_state,5.40536067410553e-06,7.285672923183678e-05,0.00019107225207878312,9.567063750164282e-07
61,steady_state,10,237212,237302,90,0.0,steady_state,5.421856882365958e-06,7.597229048560029e-05,0.0002140984687641558,9.561914607324287e-07
61,steady_state,11,225915,226005,90,0.0,steady_state,5.4091039097632835e-06,7.354270127550534e-05,0.00019586349613183275,9.565892090889355e-07
61,steady_state,12,233907,233997,90,0.0,steady_state,5.418119710818794e-06,7.524504752139311e-05,0.00020842167864363486,9.563077899918445e-07
61,steady_state,13,247369,247459,90,0.0,steady_state,5.433374377984484e-06,7.829794919956788e-05,0.0002336568277614699,9.558341321458618e-07
61,steady_state,14,224546,224636,90,0.0,steady_state,5.4075625456399805e-06,7.325879322353508e-05,0.0001938625937873538,9.566374317556618e-07
61,steady_state,15,247694,247784,90,0.0,steady_state,5.433743718607038e-06,7.837471798379069e-05,0.00023434182143729947,9.558227028807379e-07
61,steady_state,16,233726,233816,90,0.0,steady_state,5.4179151915234985e-06,7.520562161155763e-05,0.00020811946845923168,9.563141616316707e-07
61,steady_state,17,242884,242974,90,0.0,steady_state,5.428282600111304e-06,7.725369313025712e-05,0.0002245970028709284,9.559918838626212e-07
61,steady_state,18,224760,224850,90,0.0,steady_state,5.407803431411759e-06,7.33030286660263e-05,0.00019417267169315425,9.566298933377377e-07
61,steady_state,19,247262,247352,90,0.0,steady_state,5.433252790680584e-06,7.8272707450514e-05,0.00023343218216633646,9.558378950643128e-07
62,steady_state,0,234432,234522,90,0.0,steady_state,5.418713017143029e-06,7.535963863895766e-05,0.0002093032410664538,9.562893091698734e-07
62,steady_state,1,235944,236034,90,0.0,steady_state,5.42042246555857e-06,7.569161970924577e-05,0.00021188432120896903,9.562360884006304e-07
62,steady_state,2,234045,234135,90,0.0,steady_state,5.418275653040988e-06,7.527513483917036e-05,0.00020865268337426715,9.56302932107696e-07
62,steady_state,3,242440,242530,90,0.0,steady_state,5.427779050201631e-06,7.715182851074794e-05,0.00022373818325090915,9.56007503586336e-07
62,steady_state,4,242618,242708,90,0.0,steady_state,5.427980912594471e-06,7.71926338515322e-05,0.00022408169485606716,9.560012415625025e-07
62,steady_state,5,224875,224965,90,0.0,steady_state,5.407932888246236e-06,7.332682212305446e-05,0.00019433971244110963,9.566258423670092e-07
62,steady_state,6,230852,230942,90,0.0,steady_state,5.414669809182468e-06,7.458508985802607e-05,0.00020343563521555864,9.564153449314009e-07
62,steady_state,7,248215,248305,90,0.0,steady_state,5.434335904800641e-06,7.849809883908261e-05,0.00023544833840501324,9.558043814658911e-07
62,steady_state,8,234272,234362,90,0.0,steady_state,5.418532186211245e-06,7.532467867301388e-05,0.00020903378538512194,9.562949413495614e-07
62,steady_state,9,247501,247591,90,0.0,steady_state,5.4335243810446505e-06,7.832911099264741e-05,0.00023393455706940676,9.5582949007769e-07
62,steady_state,10,227004,227094,90,0.0,steady_state,5.410330648101472e-06,7.377011824115872e-05,0.00019748489621780312,9.565508528206766e-07
62,steady_state,11,233467,233557,90,0.0,steady_state,5.417622563687256e-06,7.514927733570977e-05,0.0002076885451960787,9.56323279228116e-07
62,steady_state,12,247997,248087,90,0.0,steady_state,5.434088102935926e-06,7.844642583425454e-05,0.00023498407390570608,9.558120475397105e-07
62,steady_state,13,233590,233680,90,0.0,steady_state,5.417761529717856e-06,7.517602489760087e-05,0.00020789296943131335,9.56318949233349e-07
62,steady_state,14,248352,248442,90,0.0,steady_state,5.434491645056679e-06,7.85306070885814e-05,0.0002357410408278069,9.557995638488336e-07
62,steady_state,15,247896,247986,90,9.269911655781144e-07,steady_state,5.433973303299828e-06,7.842250864228705e-05,0.00023476959895126845,9.558155992857603e-07
62,steady_state,16,223332,223422,90,9.561739699337231e-07,steady_state,5.406196431515772e-06,7.300885716260381e-05,0.0001921221298784269,9.566801986611268e-07
62,steady_state,17,234157,234247,90,1.0507696217486107e-06,steady_state,5.418402221428942e-06,7.529957122598326e-05,0.00020884054225596204,9.56298989504768e-07
62,steady_state,18,237441,237531,90,1.731358474287726e-06,steady_state,5.422116018076387e-06,7.602320150355977e-05,0.00021450328499285622,9.56183401451277e-07
62,steady_state,19,224655,224745,90,1.953700785345926e-06,steady_state,5.407685237120234e-06,7.328131768683892e-05,0.00019402040681484572,9.56633592084541e-07
63,steady_state,0,231490,231580,90,2.0655718539025645e-06,steady_state,5.415389916645987e-06,7.472195594507634e-05,0.00020445710337887053,9.56392881381928e-07
63,steady_state,1,244119,244209,90,2.2783432032147656e-06,steady_state,5.429683731495434e-06,7.753845265620834e-05,0.00022702088586497147,9.559484397778146e-07
63,steady_state,2,250695,250785,90,2.4627521969388697e-06,steady_state,5.437156526998186e-06,7.909076690832061e-05,0.00024086199257448418,9.557171797454768e-07
63,steady_state,3,243959,244049,90,2.891074893684093e-06,steady_state,5.429502167609491e-06,7.750144242300897e-05,0.0002267039147118666,9.55954067944159e-07
63,steady_state,4,250022,250112,90,3.015414825804243e-06,steady_state,5.436390802575894e-06,7.892905103303431e-05,0.00023936842415123603,9.557408421865615e-07
63,steady_state,5,231649,231739,90,3.94050494510633e-06,steady_state,5.415569408975517e-06,7.475614343126682e-05,0.0002047132686459119,9.56387283249827e-07
63,steady_state,6,233216,233306,90,4.07206777746749e-06,steady_state,5.417339004711006e-06,7.509475392037965e-05,0.00020727263156837604,9.563321153452421e-07
63,steady_state,7,227805,227895,90,4.171460245101515e-06,steady_state,5.41123331497589e-06,7.393829165149409e-05,0.00019869473551311487,9.565226423131126e-07
63,steady_state,8,244336,244426,90,4.254470717019479e-06,steady_state,5.429929996910971e-06,7.758870430166064e-05,0.00022745219693747848,9.559408067041754e-07
63,steady_state,9,247805,247895,90,5.616917553452729e-06,steady_state,5.433869874132157e-06,7.840097197527247e-05,0.0002345766941507053,9.558187994136931e-07
63,steady_state,10,234522,234612,90,6.439086423254372e-06,steady_state,5.418814739845786e-06,7.537931788448582e-05,0.0002094551153904153,9.562861410980984e-07
63,steady_state,11,243859,243949,90,6.76892525551641e-06,steady_state,5.429388696363047e-06,7.747832896342386e-05,0.0002265062568258322,9.559575855836112e-07
63,steady_state,12,248118,248208,90,1.0781790761112071e-05,steady_state,5.4342256415430215e-06,7.847509831853107e-05,0.00023524153566264287,9.558077924973283e-07
63,steady_state,13,232569,232659,90,3.2858732969182835e-05,steady_state,5.41660821462663e-06,7.495457363468436e-05,0.00020620817719951473,9.563548929090276e-07
63,steady_state,14,247602,247692,90,5.8017604610795197e-05,steady_state,5.4336391617057614e-06,7.83529712412732e-05,0.0002341475083317966,9.558259382150554e-07
63,steady_state,15,245779,245869,90,6.045173093626602e-05,steady_state,5.43156817351921e-06,7.792453001478405e-05,0.00023036253364561575,9.558900515408179e-07
63,steady_state,16,222790,222880,90,0.00033300813600851655,steady_state,5.405586741791759e-06,7.289782103493896e-05,0.00019135513630223156,9.566992935133875e-07
63,steady_state,17,228415,228505,90,0.0010245953910484286,steady_state,5.41192094125622e-06,7.406687899233965e-05,0.00019962607579793182,9.56501159790923e-07
63,steady_state,18,238385,238475,90,0.0012454545727451324,steady_state,5.423184507183461e-06,7.623379288839378e-05,0.00021618833628347294,9.561501803310581e-07
63,steady_state,19,233816,233906,90,0.003761808740859948,steady_state,5.418016884275104e-06,7.522522048945728e-05,0.00020826962909022855,9.563109934061686e-07
