motif_id,num_instances,avg_density_change,avg_ore_density_corr,avg_watermill_density_corr,avg_ore_lag,avg_watermill_lag,density_changes,ore_density_corrs,watermill_density_corrs
1,10,1.0729391585185568,-0.11483077944710918,-0.13148625936320707,0.0,0.0,"[17.128835761678374, -13.173221931247326, -3.693357199802904, -21.293215583491246, 0.7097345700096866, -0.7668301436128786, 14.991719749538333, 7.736273659571452, 14.750025961687925, -5.660573259145849]","[0.8307470504811606, -0.9184938520030409, -0.9412208665938218, -0.9687939687521391, -0.43361448290184557, -0.05856227858717269, 0.8982106358959302, 0.6930620739475287, 0.6181230803067397, -0.8677651862644311]","[0.9085682761332989, -0.9308536721772299, -0.8732788956187452, -0.9449155632319879, -0.37969785599365025, -0.23238362953021116, 0.7847524948527315, 0.6044941082183712, 0.6424231914618947, -0.8939710477465428]"
2,3,-7.086511977221183,0.25967050207477943,0.25346410649999807,-6.0,-4.0,"[-19.37140832821933, -3.0967974793252324, 1.2086698758810144]","[0.8579913279470567, 0.5858867656995246, -0.664866587422243]","[0.8535349105863139, 0.6626446016663625, -0.7557871927526822]"
3,4,6.551983906753037,-0.029848859180115456,-0.019940668362412095,0.0,0.0,"[9.007112619119653, -0.9551212772435065, 25.867261874005635, -7.711317588869633]","[-0.9480525523952443, 0.8125263882526141, -0.9168338529580073, 0.9329645803801757]","[-0.9334075485770423, 0.9029411891903742, -0.9004576089656302, 0.8511612949026499]"
4,4,10.068857901044112,0.8072650820851203,0.7936425429664211,0.0,-0.5,"[1.5041433962567226, 16.791354265060818, 6.920522679693931, 15.059411263164975]","[0.5973749371159394, 0.9297687792660554, 0.7580113995968971, 0.9439052123615892]","[0.7028846100757095, 0.9335694041563901, 0.7369366077491211, 0.8011795498844634]"
5,2,2.690145242851486,-0.26000226741818355,-0.32196755056695114,10.0,8.0,"[5.9686169136305125, -0.5883264279275409]","[-0.8863924745309515, 0.36638793969458433]","[-0.7489519040241597, 0.10501680289025733]"
6,3,5.187713526812407,0.7239464297676014,0.6940538935748065,4.0,6.0,"[2.880888794479688, 9.552290997113005, 3.129960788844528]","[0.601641202389481, 0.6981652155145917, 0.8720328713987313]","[0.6250181287516026, 0.9332596451240932, 0.5238839068487237]"
7,2,12.841787018875038,0.8080455492821579,0.9750177919049423,0.0,0.0,"[19.653219199328078, 6.030354838421999]","[0.9422462827365586, 0.6738448158277571]","[0.9890840677279708, 0.9609515160819138]"
