motif_id,num_instances,avg_density_change,avg_ore_density_corr,avg_watermill_density_corr,avg_ore_lag,avg_watermill_lag,density_changes,ore_density_corrs,watermill_density_corrs
1,9,0.6028014214081294,-0.09482926202471226,-0.10553519543363903,0.0,0.0,"[16.16096761593508, -13.519208690140204, -22.33380872939938, -3.693357199802904, -1.3849321574275564, 14.990951495570243, 14.522634857622734, 7.4473142981180445, -6.765348697802892]","[0.8437079009508983, -0.9169572668960533, -0.9708966872359924, -0.941220866593816, -0.20492913907650212, 0.9143083917870899, 0.6440114644054777, 0.6576193601961078, -0.8791065157596201]","[0.9130230363486856, -0.9300394197768606, -0.9537170637675934, -0.8732788956187378, -0.3781423853489673, 0.8062220056364207, 0.698677336040446, 0.6024045793700289, -0.8349659517861733]"
2,3,-7.330299783497594,0.21260178974048358,0.22685732435706063,-4.0,-1.0,"[-20.414867220627002, -3.043728745335102, 1.4676966154693218]","[0.8285330500682327, 0.5518919382804066, -0.7426196191271888]","[0.8217177188025516, 0.6477974430175379, -0.7889431887489078]"
3,4,6.551983906753037,-0.02984885918011501,-0.019940668362408764,0.0,0.0,"[9.007112619119653, -0.9551212772437339, 25.867261874005862, -7.711317588869633]","[-0.948052552395244, 0.8125263882526175, -0.9168338529580077, 0.9329645803801742]","[-0.9334075485770424, 0.9029411891903834, -0.9004576089656299, 0.8511612949026539]"
4,4,10.068857901044169,0.8072650820851179,0.7936425429664196,0.0,-0.5,"[1.5041433962567226, 16.791354265061045, 6.920522679693931, 15.059411263164975]","[0.5973749371159254, 0.9297687792660545, 0.7580113995969024, 0.9439052123615898]","[0.7028846100756927, 0.9335694041563898, 0.73693660774913, 0.801179549884466]"
5,3,5.187713526812483,0.7239464297675929,0.6940538935748061,4.0,6.0,"[2.8808887944794606, 9.552290997113232, 3.1299607888447554]","[0.6016412023894696, 0.6981652155145825, 0.872032871398727]","[0.62501812875159, 0.9332596451240951, 0.5238839068487331]"
6,2,2.6901452428512584,-0.26000226741819,-0.321967550566955,10.0,8.0,"[5.968616913630285, -0.5883264279277682]","[-0.8863924745309488, 0.36638793969456884]","[-0.7489519040241568, 0.10501680289024684]"
